香港城市大学,香港,www.cityu.edu.hk/mainland
湖南信息学院,湖南,www.hnisc.com
武汉城市职业学院,湖北,www.whcvc.edu.cn
三峡旅游职业技术学院,湖北,www.sxlyzy.edu.cn
湖南三一工业职业技术学院,湖南,http://www.hnz.com.cn/daxue/hunansanyigongyezhiyej
福建船政交通职业学院,福建,www.fjcpc.edu.cn
南京信息职业技术学院,江苏,www.njcit.edu.cn
广西科技职业学院,广西,www.gxkjzy.com
运城职业技术学院,山西,www.ycptu.edu.cn
河北外国语学院,河北,www.hbwy.com.cn
廊坊燕京职业技术学院,河北,www.lfyjzjxy.com
冀中职业学院,河北,www.jzhxy.com
石家庄经济职业学院,河北,www.sjzjjxy.net
重庆经贸职业学院,重庆,www.cqvcet.com
重庆电信职业学院,重庆,www.cqtcedu.com
重庆轻工职业学院,重庆,www.cqivc.com
重庆艺术工程职业学院,重庆,www.cqysxy.com
重庆公共运输职业学院,重庆,www.cqgyzy.com
重庆安全技术职业学院,重庆,www.cqvist.net
景德镇陶瓷职业技术学院,江西,www.jcivt.com
北京大学,北京,www.pku.edu.cn
中国人民大学,北京,www.ruc.edu.cn
清华大学,北京,www.join-tsinghua.edu.cn
北京交通大学,北京,www.bjtu.edu.cn
北京科技大学,北京,www.ustb.edu.cn
北京化工大学,北京,www.buct.edu.cn
北京邮电大学,北京,www.bupt.edu.cn
中国农业大学,北京,www.cau.edu.cn
北京林业大学,北京,zsb.bjfu.edu.cn
北京中医药大学,北京,www.bucm.edu.cn
北京师范大学,北京,www.bnu.edu.cn
北京语言大学,北京,www.blcu.edu.cn
中国传媒大学,北京,www.cuc.edu.cn
中央财经大学,北京,www.cufe.edu.cn
对外经济贸易大学,北京,www.uibe.edu.cn
中国政法大学,北京,www.cupl.edu.cn
南开大学,天津,www.nankai.edu.cn
天津大学,天津,www.tju.edu.cn
大连理工大学,辽宁,http://www.dlut.edu.cn/
东北大学,辽宁,http://www.neu.edu.cn/
吉林大学,吉林,www.jlu.edu.cn
东北师范大学,吉林,www.nenu.edu.cn
东北林业大学,黑龙江,www.nefu.edu.cn
复旦大学,上海,www.fudan.edu.cn
同济大学,上海,www.tongji.edu.cn
上海交通大学,上海,www.sjtu.edu.cn
华东理工大学,上海,www.ecust.edu.cn
东华大学,上海,www.dhu.edu.cn
华东师范大学,上海,www.ecnu.edu.cn
上海外国语大学,上海,www.shisu.edu.cn
上海财经大学,上海,www.shufe.edu.cn
南京大学,江苏,www.nju.edu.cn
东南大学,江苏,www.seu.edu.cn
中国矿业大学,江苏,www.cumt.edu.cn
河海大学,江苏,www.hhu.edu.cn
江南大学,江苏,www.sytu.edu.cn
南京农业大学,江苏,www.njau.edu.cn
中国药科大学,江苏,www.cpu.edu.cn
浙江大学,浙江,www.zju.edu.cn
合肥工业大学,安徽,www.hfut.edu.cn
厦门大学,福建,www.xmu.edu.cn
山东大学,山东,www.sdu.edu.cn
中国海洋大学,山东,www.ouc.edu.cn
中国石油大学（华东）,山东,www.upc.edu.cn
武汉大学,湖北,www.whu.edu.cn
中国地质大学（武汉）,湖北,www.cug.edu.cn
华中农业大学,湖北,www.hzau.edu.cn
华中师范大学,湖北,www.ccnu.edu.cn
湖南大学,湖南,http://www.hnu.edu.cn/
中山大学,广东,www.sysu.edu.cn
华南理工大学,广东,www.scut.edu.cn
陕西艺术职业学院,陕西,www.sxavc.com
重庆大学,重庆,www.cqu.edu.cn
西南交通大学,四川,www.swjtu.edu.cn
电子科技大学,四川,www.uestc.edu.cn
西南大学,重庆,www.swu.edu.cn
西南财经大学,四川,www.swufe.edu.cn
西安交通大学,陕西,www.xjtu.edu.cn
西安电子科技大学,陕西,www.xidian.edu.cn
陕西师范大学,陕西,www.snnu.edu.cn
兰州大学,甘肃,www.lzu.edu.cn
中国矿业大学（北京）,北京,www.cumtb.edu.cn
中国石油大学（北京）,北京,www.cup.edu.cn
中国地质大学（北京）,北京,www.cugb.edu.cn
西北农林科技大学,陕西,www.nwsuaf.edu.cn
长安大学,陕西,www.chd.edu.cn
中南大学,湖南,www.csu.edu.cn
中南财经政法大学,湖北,www.znufe.edu.cn
华中科技大学,湖北,www.hust.edu.cn
武汉理工大学,湖北,www.whut.edu.cn
东北大学秦皇岛分校,河北,www.neuq.edu.cn
中央美术学院,北京,www.cafa.edu.cn
中央戏剧学院,北京,www.chntheatre.edu.cn
北京外国语大学,北京,www.bfsu.edu.cn
甘肃交通职业技术学院,甘肃,www.gsjtxy.edu.cn
北京大学医学部,北京,www.bjmu.edu.cn
山东大学威海分校,山东,www.wh.sdu.edu.cn
上海交通大学医学院,上海,www.shsmu.edu.cn
南京工业职业技术学院,江苏,www.niit.edu.cn
甘肃机电职业技术学院,甘肃,www.gsjdxy.com
安徽交通职业技术学院,安徽,www.ahctc.com
广西科技师范学院,广西,www.gxlztc.net
新疆应用职业技术学院,新疆,www.xjyyedu.cn
江苏建康职业学院,江苏,www.jssmu.edu.cn/zsw
北京邮电大学（宏福校区）,北京,www.bupt.edu.cn
电子科技大学（沙河校区）,四川,www.uestc.edu.cn
西南大学（荣昌校区）,重庆,www.rcswu.cq.cn
合肥工业大学（宣城校区）,安徽,xc.hfut.edu.cn
沈阳城市学院,辽宁,http://www.sycu.net/
重庆幼儿师范高等专科学校,重庆,www.cqyesz.com
兰州文理学院,甘肃,www.luas.edu.cn
新疆师范高等专科学校,新疆,www.xjei.cn
承德护理职业学院,河北,www.cdni.cn
河北轨道运输职业技术学院,河北,www.hbgdys.cn/index.html
苏州信息职业技术学院,江苏,www.szitu.cn
河北司法警官职业学院,河北,www.jjgxy.com.cn/
宿迁泽达职业技术学院,江苏,www.zdct.cn
苏州工业园区服务外包职业学院,江苏,www.siso.edu.cn
徐州生物工程职业技术学院,江苏,www.xzsw.net
潍坊科技学院,山东,www.wfkjxy.com.cn
枣庄科技职业学院,山东,www.zzkjxy.com
泰山职业技术学院,山东,www.mtotc.com.cn
潍坊工程职业学院,山东,www.wfec.cn
枣庄职业学院,山东,www.sdzzvc.cn
大连理工大学（盘锦校区）,辽宁,http://panjin.dlut.edu.cn/
复旦大学医学院,上海,medicine.fudan.edu.cn
厦门大学（医学单列）,福建,http://www.xmu.edu.cn/
营口理工学院,辽宁,http://www.yku.edu.cn/
南京中医药大学,江苏,www.njutcm.edu.cn
江苏师范大学,江苏,www.jsnu.edu.cn
江苏警官学院,江苏,www.jspi.cn
南京体育学院,江苏,www.nipes.cn
常熟理工学院,江苏,www.cslg.cn
丽水学院,浙江,www.lsu.edu.cn/index.html
山东青年政治学院,山东,www.sdyu.edu.cn
云南能源职业技术学院,云南,http://www.ynny.cn/
德宏职业学院,云南,http://www.yndhvc.com/
贵州城市职业学院,贵州,http://www.cityp.net/
青岛恒星科技学院,山东,www.hx.cn
四川护理职业学院,四川,http://www.scswx.com/
广东科学技术职业学院,广东,www.gdit.edu.cn
河北工艺美术职业学院,河北,http://www.1964.cn/
广西培贤国际职业学院,广西,http://www.peixianedu.cn/
广州东华职业学院,广东,www.gzdhxy.com
四川西南航空职业学院,四川,http://www.xnhkxy.edu.cn/
成都工业职业技术学院,四川,http://www.cdivtc.com/indexn.asp
山西艺术职业学院,山西,www.sxyz.com
晋中职业技术学院,山西,zsw.jzzy.sx.cn/Index.aspx
铜仁幼儿师范高等专科学校,贵州,http://www.tryz1919.cn/
湖南幼儿师范高等专科学校,湖南,http://www.cdgdsf.com/
湖北幼儿师范高等专科学校,湖北,www.hbssyys.cn
厦门医学高等专科学校,福建,http://www.xmygz.cn/Pages/Default.aspx
西南政法大学（中外合作）,重庆,202.202.80.97/pub/hzbx/
重庆邮电大学（中外合作）,重庆,www.cqupt.edu.cn
南昌大学（中外合作）,江西,http://www.ncu.edu.cn/
广东技术师范学院,广东,www.gdin.edu.cn
武汉大学珞珈学院,湖北,http://luojia-whu.cn/
湖南医药学院,湖南,http://www.yizhuan.com/index.html
中国人民大学（苏州校区）,江苏,sc.ruc.edu.cn
山东管理学院,山东,www.sdmu.edu.cn
江苏第二师范学院,江苏,www.jsie.edu.cn
上海科技大学,上海,www.shanghaitech.edu.cn
北京航空航天大学,北京,www.buaa.edu.cn
北京理工大学,北京,www.bit.edu.cn
张家口学院,河北,www.zjku.edu.cn
香港中文大学（深圳）,广东,www.cuhk.edu.cn
北京电子科技学院,北京,www.besti.edu.cn
中山大学新华学院,广东,www.zdxh.cn
外交学院,北京,www.cfau.edu.cn
中国人民公安大学,北京,www.cppsu.edu.cn
国际关系学院,北京,www.uir.cn
北京体育大学,北京,www.bsu.edu.cn
武昌首义学院,湖北,http://www.hustwb.edu.cn/structure/index.htm
南京医科大学康达学院,江苏,kdc.njmu.edu.cn
江苏科技大学苏州理工学院,江苏,szlg.just.edu.cn
中央民族大学,北京,www.muc.edu.cn
江西中医药大学科技学院,江西,http://www.jxtcmstc.com/
华北电力大学（北京）,北京,www.ncepu.edu.cn
江西工程学院,江西,http://web.ygxy.com/
江西应用科技学院,江西,http://www.jxcsedu.com/
中国民航大学,天津,www.cauc.edu.cn
安徽外国语学院,安徽,www.aflc.com.cn
安徽建筑大学城市建设学院,安徽,www.aiai.edu.cn/cjxy
华北电力大学（保定）,河北,www.ncepu.edu.cn
福州外语外贸学院,福建,http://www.fzfu.com/
大连海事大学,辽宁,http://www.dlmu.edu.cn/
保定学院,河北,www.bdu.edu.cn/default.html
中国刑事警察学院,辽宁,http://www.ccpc.edu.cn/
哈尔滨工业大学,黑龙江,www.hit.edu.cn
哈尔滨工程大学,黑龙江,www.hrbeu.edu.cn
上海海关学院,上海,shanghai_edu.customs.gov.cn
南京航空航天大学,江苏,www.nuaa.edu.cn
南京理工大学,江苏,www.njust.edu.cn
中国科学技术大学,安徽,www.ustc.edu.cn
中国科学院大学,北京,http://www.gucas.ac.cn
华侨大学,福建,www.hqu.edu.cn
中南民族大学,湖北,www.scuec.edu.cn
暨南大学,广东,www.jnu.edu.cn
中国民用航空飞行学院,四川,www.cafuc.edu.cn
西南民族大学,四川,www.swun.edu.cn
西北工业大学,陕西,www.nwpu.edu.cn
西北民族大学,甘肃,www.xbmu.edu.cn
石河子大学,新疆,www.shzu.edu.cn
新疆兵团警官高等专科学校,新疆,www.xjbtjx.com
公安海警学院,浙江,www.hjgz.net
铁道警察学院,河南,www.rpc.edu.cn
华北科技学院,河北,www.ncist.edu.cn
中国人民武装警察部队学院,河北,www.wjxy.edu.cn
大连民族大学,辽宁,http://www.dlnu.edu.cn/new/index.htm
北方民族大学,宁夏,http://www.nwsni.edu.cn/
南京森林警察学院,江苏,www.forestpolice.net
中国青年政治学院,北京,www.cyu.edu.cn
哈尔滨工业大学（威海）,山东,www.hitwh.edu.cn
防灾科技学院,北京,www.fzxy.edu.cn
中华女子学院,北京,www.cwu.edu.cn
中央司法警官学院,河北,www.cijp.net
中国劳动关系学院,北京,www.ciir.edu.cn
上海民航职业技术学院,上海,www.scac.sh.cn
四川大学,四川,www.scu.edu.cn
中国科学技术大学（定向）,安徽,zsb.ustc.edu.cn
西南大学（农科）,重庆,www.swnu.edu.cn
北京工业大学,北京,www.bjut.edu.cn
北方工业大学,北京,www.ncut.edu.cn
北京服装学院,北京,www.bift.edu.cn
北京印刷学院,北京,www.bigc.edu.cn
北京石油化工学院,北京,www.bipt.edu.cn
首都医科大学,北京,www.ccmu.edu.cn
首都师范大学,北京,www.cnu.edu.cn
首都体育学院,北京,www.cipe.net.cn
北京建筑大学,北京,www.bucea.edu.cn
北京第二外国语学院,北京,www.bisu.edu.cn
北京物资学院,北京,www.bwu.edu.cn
中国音乐学院,北京,www.ccmusic.edu.cn
北京电影学院,北京,www.bfa.edu.cn
北京舞蹈学院,北京,www.bda.edu.cn
北京信息科技大学,北京,www.bistu.edu.cn
北京联合大学,北京,www.buu.edu.cn
北京工商大学,北京,www.btbu.edu.cn
首都经济贸易大学,北京,www.cueb.edu.cn
北京城市学院,北京,www.bcu.edu.cn
首钢工学院,北京,www.sgit.edu.cn/#
古巴高等学校,其它,
北京劳动保障职业学院,北京,www.bvclss.cn
北京农业职业学院,北京,www.bvca.edu.cn
北京信息职业技术学院,北京,www.bitc.edu.cn
北京科技经营管理学院,北京,www.bjjsy1985.cn
北京吉利学院,北京,www.bgu.edu.cn
北京财贸职业学院,北京,www.bjczy.edu.cn
北京戏曲艺术职业学院,北京,www.bjxx.com.cn
北京经济技术职业学院,北京,www.tangedu.cn
北京经贸职业学院,北京,www.csuedu.com
北京社会管理职业学院,北京,sgy.mca.gov.cn
北京北大方正软件职业技术学院,北京,www.pfc.edu.cn
北京汇佳职业学院,北京,www.furen.net.cn
北京科技职业学院,北京,www.5aaa.com
北京培黎职业学院,北京,www.bjpldx.edu.cn
北京艺术传媒职业学院,北京,www.ymyu.com
首都师范大学科德学院,北京,www.kdcnu.com
北京工商大学嘉华学院,北京,www.canvard.com.cn
北京邮电大学世纪学院,北京,www.ccbupt.cn
北京工业大学耿丹学院,北京,www.gengdan.cn
北京科技大学延庆分校,北京,www.ustbyq.com
天津科技大学,天津,www.tust.edu.cn
天津工业大学,天津,http://www.tjpu.edu.cn/
天津理工大学,天津,www.tjut.edu.cn
天津农学院,天津,www.tjac.edu.cn
天津中医药大学,天津,http://www.tjutcm.edu.cn/
天津师范大学,天津,www.tjnu.edu.cn
天津外国语大学,天津,http://www.tjfsu.edu.cn/
天津商业大学,天津,http://www.tjcu.edu.cn/
天津财经大学,天津,http://www.tjufe.edu.cn/
天津体育学院,天津,http://www.tjipe.edu.cn/
天津音乐学院,天津,http://www.tjcm.edu.cn/
天津城建大学,天津,http://www.tjuci.edu.cn/
天津职业大学,天津,www.tjtc.edu.cn
天津医科大学,天津,http://www.tijmu.edu.cn/
天津职业技术师范大学,天津,http://www.tute.edu.cn/
天津医学高等专科学校,天津,www.tjyzh.cn
湖南工艺美术职业学院,湖南,www.hnmeida.com.cn
苏州工艺美术职业技术学院,江苏,www.sgmart.com
新疆艺术学院,新疆,www.xjart.edu.cn
天津商业大学（中外合作）,天津,http://www.tjcu.edu.cn/
中央音乐学院,北京,www.ccom.edu.cn
四川外国语大学（中外合作）,重庆,www.sisu.edu.cn
天津天狮学院,天津,http://www.tjqnzyxy.cn/
天津青年职业学院,天津,www.tjqnzyxy.cn
天津滨海职业学院,天津,http://www.tjbpi.com/website/
天津工程职业技术学院,天津,http://www.tjeti.com/
天津中德职业技术学院,天津,http://www.zdtj.cn/
天津轻工职业技术学院,天津,www.tjlivtc.edu.cn
天津电子信息职业技术学院,天津,http://www.tjdz.net/
天津渤海职业技术学院,天津,http://www.tjbhzy.net.cn/
天津机电职业技术学院,天津,http://www.suoyuan.com.cn/default.html
天津现代职业技术学院,天津,http://www.xdxy.com.cn/
天津对外经济贸易职业学院,天津,http://www.tifert.com/portal/index.htm
天津冶金职业技术学院,天津,http://www.tjmvti.cn/
天津交通职业学院,天津,www.tjtvc.com
天津铁道职业技术学院,天津,http://www.tjtdxy.cn/
天津开发区职业技术学院,天津,http://www.tedazj.com/
天津石油职业技术学院,天津,www.tjsyxy.com
天津海运职业学院,天津,http://www.tjmvi.cn/
天津工艺美术职业学院,天津,http://www.gmtj.com/
天津生物工程职业技术学院,天津,http://www.tjbio.cn/
天津城市建设管理职业技术学院,天津,http://www.tjchengjian.com/
天津城市职业学院,天津,http://www.tjcsxy.cn/
天津广播影视职业学院,天津,http://www.tjgbys.com/
天津大学仁爱学院,天津,http://www.tjrac.edu.cn/
南开大学滨海学院,天津,http://binhai.nankai.edu.cn/
天津商业大学宝德学院,天津,http://www.boustead.edu.cn/
天津医科大学临床医学院,天津,http://www.tjykdxlcyxy.cn/
天津体育学院运动与文化艺术学院,天津,http://www.tjtwy.cn/
天津外国语大学滨海外事学院,天津,http://bhws.tjfsu.edu.cn/
北京科技大学天津学院,天津,http://tj.ustb.edu.cn/
天津财经大学珠江学院,天津,http://zhujiang.tjufe.edu.cn/
天津理工大学中环信息学院,天津,http://www.tjzhic.com/
廊坊东方职业技术学院,河北,www.dfzy.edu.cn
河北工程大学,河北,www.hebeu.edu.cn
河北大学,河北,www.hbu.edu.cn
河北工业大学,河北,www.hebut.edu.cn
石家庄经济学院,河北,www.sjzue.edu.cn
华北理工大学,河北,www.heut.edu.cn
河北科技大学,河北,www.hebust.edu.cn
华北煤炭医学院,河北,www.ncmc.edu.cn
河北师范大学,河北,www.hebtu.edu.cn
石家庄铁道大学,河北,www.sjzri.edu.cn
燕山大学,河北,www.ysu.edu.cn
河北科技师范学院,河北,www.hevttc.edu.cn
邢台学院,河北,www.xttc.edu.cn
承德医学院,河北,www.cdmc.edu.cn
河北金融学院,河北,www.bdcf.net
北华航天工业学院,河北,http://www.dianxin.nciae.edu.cn/index0.asp
承德石油高等专科学校,河北,www.cdpc.edu.cn
廊坊师范学院,河北,www.lfsfxy.edu.cn
河北北方学院,河北,www.hebeinu.edu.cn
河北医科大学,河北,www.hebmu.edu.cn
河北经贸大学,河北,www.heuet.edu.cn
衡水学院,河北,http://www.hsnc.edu.cn/hsnc/
河北建筑工程学院,河北,www.hebiace.edu.cn
河北民族师范学院,河北,www.hbun.net
唐山师范学院,河北,www.tstc.edu.cn
河北农业大学,河北,www.hebau.edu.cn
邯郸学院,河北,www.hdc.edu.cn
邢台医学高等专科学校,河北,www.xtmc.net
石家庄医学高等专科学校,河北,http://www.sjzmc.cn/
燕京理工学院,河北,www.ncbuct.com
河北中医学院,河北,www.hebcm.edu.cn
廊坊卫生职业学院,河北,www.lfwx.net
河北工程大学科信学院,河北,kexin.hebeu.edu.cn
华北理工大学轻工学院,河北,www.qgxy.cn
邢台职业技术学院,河北,www.xpc.edu.cn
河北机电职业技术学院,河北,www.hbjd.com.cn
河北工业职业技术学院,河北,www.hbcit.edu.cn
邯郸职业技术学院,河北,www.hd-u.com
河北旅游职业学院,河北,http://www.cdtvc.com/
张家口职业技术学院,河北,www.zhz.cn
石家庄科技职业学院,河北,www.sjzkjxy.net
石家庄铁路职业技术学院,河北,www.sirt.edu.cn
河北能源职业技术学院,河北,www.hbnyxy.cn
河北建材职业技术学院,河北,http://www.hbjcxy.com/
河北石油职业技术学院,河北,www.pvtc.edu.cn
河北科技学院,河北,www.hbkjxy.cn
石家庄职业技术学院,河北,www.sjzpt.edu.cn
秦皇岛职业技术学院,河北,www.qhdvtc.com
石家庄科技工程职业学院,河北,www.sjzkg.edu.cn
唐山工业职业技术学院,河北,www.tsgzy.com.cn
石家庄城市经济职业学院,河北,http://sjzcsjjxy.com/
唐山科技职业技术学院,河北,www.tskjzy.cn
唐山职业技术学院,河北,www.tsvtc.com
石家庄人民医学高等专科学校,河北,www.sjzrmyz.com
廊坊职业技术学院,河北,http://www.lfzj.cn/
石家庄法商职业学院,河北,http://www.hbfsh.com
河北交通职业技术学院,河北,www.hejtxy.edu.cn
河北化工医药职业技术学院,河北,www.hebcpc.cn
河北外国语职业学院,河北,www.hbvcfl.com.cn
石家庄信息工程职业学院,河北,www.sjziei.com
石家庄财经职业学院,河北,www.sjzwjm.edu.cn
石家庄东方美术职业学院,河北,www.dongfangmy.com
石家庄理工职业学院,河北,http://www.sjzlg.com/
石家庄工商职业学院,河北,www.sjzgsxy.com
石家庄外语翻译职业学院,河北,www.hbwy.com.cn
石家庄科技信息职业学院,河北,www.kjxinxiedu.com
渤海石油职业学院,河北,www.bhsyxy.com
石家庄邮电职业技术学院,河北,www.sjzpc.edu.cn
中国环境管理干部学院,河北,www.emcc.cn/web
河北医科大学临床学院,河北,www.hebmu.edu.cn
河北大学工商学院,河北,www.hicc.cn
石家庄铁道大学四方学院,河北,sfxy.sjzri.edu.cn
张家口教育学院,河北,www.zjkjyxy.cn
燕山大学里仁学院,河北,stc.ysu.edu.cn
北京交通大学海滨学院,河北,www.bjtuhbxy.cn
河北工业大学城市学院,河北,cc.hebut.edu.cn
河北科技大学理工学院,河北,hbklg.hebust.edu.cn
山西大学,山西,www.sxu.edu.cn
太原科技大学,山西,www.tyust.edu.cn
中北大学,山西,www.nuc.edu.cn
太原理工大学,山西,www.tyut.edu.cn
山西农业大学,山西,www.sxau.edu.cn
山西医科大学,山西,www.sxmu.edu.cn
长治医学院,山西,www.czmc.com
山西师范大学,山西,www.sxnu.edu.cn
太原师范学院,山西,www.tynu.edu.cn
山西大同大学,山西,www.sxdtdx.edu.cn
晋中学院,山西,www.sxjztc.edu.cn
运城学院,山西,www.ycu.edu.cn
忻州师范学院,山西,www.xztc.cn
山西财经大学,山西,www.sxufe.edu.cn
吕梁学院,山西,www.llhc.edu.cn
太原电力高等专科学校,山西,www.sxuec.edu.cn
长治学院,山西,www.czc.edu.cn
山西中医学院,山西,www.sxtcm.com
太原大学,山西,www.sxtyu.com
山西财政税务专科学校,山西,www.sxftc.edu.cn
太原工业学院,山西,www.tit.edu.cn
山西建筑职业技术学院,山西,www.sxatc.com
山西工程职业技术学院,山西,www.sxgy.cn
长治职业技术学院,山西,www.czzy.cn
山西药科职业学院,山西,www.sxbac.net.cn
山西管理职业学院,山西,www.sxglzyxy.com.cn
山西应用科技学院,山西,www.sxxh.org
山西职业技术学院,山西,www.sxzzy.cn
晋城职业技术学院,山西,www.sxjczy.cn
山西煤炭职业技术学院,山西,www.sxmtxy.com.cn
山西林业职业技术学院,山西,www.sxly.com.cn
阳泉职业技术学院,山西,www.tyutyqc.edu.cn
山西机电职业技术学院,山西,www.sxjdxy.org
山西电力职业技术学院,山西,www.vtep.edu.cn
山西工商学院,山西,www.sxtbu.net
山西同文职业技术学院,山西,www.sxtwedu.com
山西国际商务职业学院,山西,www.sxibs.com
临汾职业技术学院,山西,www.lfvtc.cn
太原旅游职业学院,山西,www.tylyzyxy.com
山西交通职业技术学院,山西,www.sxjt.edu.cn
太原城市职业技术学院,山西,www.cntcvc.com
运城护理职业学院,山西,www.ychlxy.com
中北大学信息商务学院,山西,xxsw.nuc.edu.cn
山西财经大学华商学院,山西,www.schsxy.com
山西农业大学信息学院,山西,www.cisau.com.cn
山西轻工职业技术学院,山西,www.sxqgzy.cn
山西传媒学院,山西,www.arft.net
内蒙古大学,内蒙古,www.imu.edu.cn
内蒙古科技大学,内蒙古,www.imust.cn
内蒙古工业大学,内蒙古,www.imut.edu.cn
内蒙古师范大学,内蒙古,www.imnu.edu.cn
河套学院,内蒙古,www.hetaodaxue.com
赤峰学院,内蒙古,www.cfxy.cn
内蒙古农业大学,内蒙古,www.imau.edu.cn
内蒙古医科大学,内蒙古,www.immc.edu.cn
内蒙古民族大学,内蒙古,www.imun.edu.cn
呼伦贝尔学院,内蒙古,www.hlbrc.cn
内蒙古财经大学,内蒙古,www.imufe.edu.cn
内蒙古科技大学包头师范学院,内蒙古,www.bttc.cn
内蒙古科技大学包头医学院,内蒙古,www.btmc.cn
福建信息职业技术学院,福建,http://www.mitu.cn/
包头职业技术学院,内蒙古,www.btzyjsxy.cn
内蒙古建筑职业技术学院,内蒙古,www.imaa.edu.cn
通辽职业学院,内蒙古,http://www.tlzyxy.com/index.asp
郑州信息工程职业学院,河南,www.zxxyedu.com
山东轻工职业学院,山东,www.silkedu.com
厦门工学院,福建,http://www.xit.edu.cn/
新乡职业技术学院,河南,www.xxvtc.com
华北理工大学冀唐学院,河北,jitang.ncmc.edu.cn/
石家庄经济学院华信学院,河北,www.sjzuehx.cn
华北电力大学科技学院,河北,www.hdky.edu.cn
中国地质大学长城学院,河北,www.cuggw.com
北京中医药大学东方学院,河北,www.df-college.com
沈阳工业大学,辽宁,http://www.sut.edu.cn/
沈阳航空航天大学,辽宁,http://www.sau.edu.cn/
沈阳理工大学,辽宁,http://www.sylu.edu.cn/sylusite/
辽宁大学,辽宁,http://www.lnu.edu.cn/
辽宁科技大学,辽宁,http://www.ustl.edu.cn/
辽宁工程技术大学,辽宁,http://www.lntu.edu.cn/
辽宁石油化工大学,辽宁,http://www.lnpu.edu.cn/
沈阳化工大学,辽宁,www.syict.edu.cn
大连交通大学,辽宁,http://www.djtu.edu.cn/
沈阳大学,辽宁,http://www.syu.edu.cn/
大连工业大学,辽宁,http://www.dlpu.edu.cn/
沈阳建筑大学,辽宁,http://www.sjzu.edu.cn/
辽宁工业大学,辽宁,http://www.lnit.edu.cn/
沈阳农业大学,辽宁,http://www.syau.edu.cn/
大连海洋大学,辽宁,http://www.dlfu.edu.cn/
中国医科大学,辽宁,http://www.cmu.edu.cn/
辽宁医学院,辽宁,http://www.lnmu.edu.cn/
大连医科大学,辽宁,http://www.dlmedu.edu.cn/
大连外国语大学,辽宁,http://www.dlufl.edu.cn/
沈阳药科大学,辽宁,http://www.syphu.edu.cn/
辽宁师范大学,辽宁,http://www.lnnu.edu.cn/
沈阳师范大学,辽宁,http://www.synu.edu.cn/synucn/index.html
渤海大学,辽宁,http://www.bhu.edu.cn/page/index.asp
东北财经大学,辽宁,http://www.dufe.edu.cn/
鞍山师范学院,辽宁,http://www.asnc.edu.cn/
沈阳音乐学院,辽宁,http://www.sycm.com.cn/
铁岭师范高等专科学校,辽宁,http://www.tlsz.com.cn/
抚顺师范高等专科学校,辽宁,http://www.fstc.cn/
辽宁中医药大学,辽宁,http://www.lnutcm.edu.cn/web/guest/home
沈阳医学院,辽宁,http://www.symc.edu.cn/web/guest/home
大连大学,辽宁,www.dlu.edu.cn
辽宁科技学院,辽宁,http://www.lnist.edu.cn/xygk/xygk.htm
辽宁交通高等专科学校,辽宁,http://www.lncc.edu.cn/
沈阳工程学院,辽宁,http://www.sie.edu.cn/
辽宁地质工程职业学院,辽宁,http://www.lndzxy.com/
渤海船舶职业学院,辽宁,http://www.bhcy.cn/
辽宁经济职业技术学院,辽宁,http://www.lnemci.com/
大连职业技术学院,辽宁,http://www.dlvtc.edu.cn/web/guest/135
大连商务职业学院,辽宁,www.diib-china.com
辽阳职业技术学院,辽宁,http://www.419.com.cn/
辽宁农业职业技术学院,辽宁,http://www.lnnzy.ln.cn/
辽东学院,辽宁,http://www.ldxy.cn/
辽宁对外经贸学院,辽宁,http://www.luibe.edu.cn/
大连艺术职业学院,辽宁,www.dlac.edu.cn
营口职业技术学院,辽宁,http://www.ykdx.net/
辽宁石化职业技术学院,辽宁,http://www.lnpc.edu.cn/
辽宁金融职业学院,辽宁,http://www.lnfvc.edu.cn/newweb/index.asp
辽宁建筑职业技术学院,辽宁,http://www.lnjzxy.com/
辽宁广告职业学院,辽宁,http://www.ggxy.com/
辽宁信息职业技术学院,辽宁,www.lnxxxy.com
辽宁机电职业技术学院,辽宁,www.lnmec.net.cn
辽宁林业职业技术学院,辽宁,www.lnlzy.cn
沈阳职业技术学院,辽宁,www.vtcsy.com
辽宁建筑职业学院,辽宁,http://www.lnjzxy.com/
大连翻译职业学院,辽宁,www.dltcedu.org
辽宁传媒学院,辽宁,www.fzcollege.org
大连枫叶职业技术学院,辽宁,www.dmlit.cn
沈阳北软信息职业技术学院,辽宁,www.nsi-soft.com
辽河石油职业技术学院,辽宁,
沈阳农业大学科学技术学院,辽宁,www.syau.edu.cn
大连艺术学院,辽宁,www.neudlac.com
中国医科大学临床医药学院,辽宁,www.cmu.edu.cn/departments/clini_med
大连财经学院,辽宁,www.kingbridge.net
辽宁理工学院,辽宁,www.bhu.edu.cn
大连理工大学城市学院,辽宁,city.dlut.edu.cn
沈阳航空航天大学北方科技学院,辽宁,www.syiae.edu.cn/beike/
大连东软信息学院,辽宁,www.neusoft.edu.cn
沈阳化工大学科亚学院,辽宁,keyaxueyuan.syict.edu.cn
大连科技学院,辽宁,www.ieidjtu.edu.cn
抚顺职业技术学院,辽宁,www.fvti.com
沈阳工学院,辽宁,www.syyyy.com.cn
辽宁科技大学信息技术学院,辽宁,zsjy.ustl.edu.cn/xxxy/
辽宁医学院医疗学院,辽宁,ylxy.lnmu.edu.cn
辽宁中医药大学杏林学院,辽宁,www.lnutcm.edu.cn/xinglin
沈阳工业大学工程学院,辽宁,gcxy.sut.edu.cn
大连工业大学艺术与信息工程学院,辽宁,http://www.caie.org/
辽宁政法职业学院,辽宁,http://www.lacpj.com/
长春理工大学,吉林,www.cust.edu.cn
延边大学,吉林,www.ybu.edu.cn
东北电力大学,吉林,www.nedu.edu.cn
长春工业大学,吉林,www.ccut.edu.cn
吉林建筑大学,吉林,www.jliae.edu.cn
吉林化工学院,吉林,www.jlict.edu.cn
吉林农业大学,吉林,www.jlau.edu.cn
长春中医药大学,吉林,www.ccutcm.com.cn
通化师范学院,吉林,www.thnu.edu.cn
吉林师范大学,吉林,www.jlnu.edu.cn
吉林工程技术师范学院,吉林,www.jltiet.net
长春师范大学,吉林,www.cncnc.edu.cn
白城师范学院,吉林,www.bcsfxy.com
吉林财经大学,吉林,www.jlufe.edu.cn
吉林工商学院,吉林,www.jlbtc.edu.cn
长春汽车工业高等专科学校,吉林,www.caii.edu.cn
吉林农业科技学院,吉林,www.jlnku.com
长春金融高等专科学校,吉林,www.cjgz.edu.cn
长春大学,吉林,www.ccu.edu.cn
长春医学高等专科学校,吉林,www.cmcedu.com
白城医学高等专科学校,吉林,www.bcyz.cn
北华大学,吉林,www.beihua.edu.cn
长春工程学院,吉林,www.ccit.edu.cn
吉林医药学院,吉林,www.jlmpc.cn
吉林交通职业技术学院,吉林,www.jjtc.com.cn
长白山职业技术学院,吉林,www.cbsvtc.com.cn
吉林工业职业技术学院,吉林,www.jvcit.edu.cn
吉林司法警官职业学院,吉林,www.jlsfjy.cn
吉林农业工程职业技术学院,吉林,www.jlnyxy.com.cn
吉林铁道职业技术学院,吉林,www.jtpt.cn
吉林华桥外国语学院,吉林,www.hqwy.com
长春职业技术学院,吉林,www.cvit.com.cn
吉林动画学院,吉林,www.jldh.com.cn
吉林财经大学信息经济学院,吉林,www.iecctc.com
长春科技学院,吉林,www.jlaudev.com.cn
长春建筑学院,吉林,www.jladi.com
吉林建筑大学城建学院,吉林,www.jlucc.net
长春大学旅游学院,吉林,www.cctourcollege.com
长春工业大学人文信息学院,吉林,www.ccutchi.com
吉林师范大学博达学院,吉林,www.bdxy.com.cn
长春光华学院,吉林,www.ccughc.net
吉林省经济管理干部学院,吉林,www.jemcc.net
长春理工大学光电信息学院,吉林,www.csoei.com
黑龙江大学,黑龙江,210.46.97.15
黑龙江科技大学,黑龙江,www.usth.edu.cn
东北石油大学,黑龙江,www.nepu.edu.cn
齐齐哈尔大学,黑龙江,www.qqhru.edu.cn
哈尔滨医科大学,黑龙江,www.hrbmu.edu.cn
东北农业大学,黑龙江,www.neau.edu.cn
黑龙江中医药大学,黑龙江,www.hljucm.net
哈尔滨师范大学,黑龙江,www.hrbnu.edu.cn
大庆师范学院,黑龙江,www.dqsy.net
绥化学院,黑龙江,www.shxy.net
黑龙江东方学院,黑龙江,www.dfxyzj.com
哈尔滨商业大学,黑龙江,www.hljcu.edu.cn
哈尔滨金融学院,黑龙江,www.hrbfu.edu.cn
牡丹江大学,黑龙江,www.mdjdx.cn
佳木斯大学,黑龙江,www.jmsu.org
黑龙江工业学院,黑龙江,www.jxdx.net
齐齐哈尔医学院,黑龙江,www.qqhrmu.cn
黑河学院,黑龙江,www.hhhxy.cn
黑龙江八一农垦大学,黑龙江,www.hlau.cn
牡丹江师范学院,黑龙江,www.mdjnu.cn
哈尔滨理工大学,黑龙江,www.hrbust.edu.cn
齐齐哈尔高等师范专科学校,黑龙江,www.qqhrtc.com
牡丹江医学院,黑龙江,www.mdjmu.cn
哈尔滨学院,黑龙江,www.hrbu.edu.cn
黑龙江工程学院,黑龙江,www.hljit.edu.cn
大庆医学高等专科学校,黑龙江,dqyz.petrodaqing.com
鹤岗师范高等专科学校,黑龙江,www.hgtc.org.cn
黑龙江护理高等专科学校,黑龙江,www.hljhlgz.com
黑龙江建筑职业技术学院,黑龙江,www.hcc.net.cn
黑龙江司法警官职业学院,黑龙江,www.hlsfjx.com
齐齐哈尔工程学院,黑龙江,http://www.qqhrit.com/
黑龙江农业工程职业学院,黑龙江,www.hngzy.com
大庆职业学院,黑龙江,www.dqzyxy.net
黑龙江农垦职业学院,黑龙江,www.nkzy.com
哈尔滨职业技术学院,黑龙江,www.hzjxy.net
哈尔滨电力职业技术学院,黑龙江,www.hl.sgcc.com.cn
哈尔滨铁道职业技术学院,黑龙江,www.htxy.net
黑龙江科技职业学院,黑龙江,www.hljkj.org
黑龙江农业经济职业学院,黑龙江,www.nyjj.net.cn
哈尔滨信息工程学院,黑龙江,www.hxci.com.cn
黑龙江职业学院,黑龙江,www.hljp.edu.cn
黑龙江旅游职业技术学院,黑龙江,www.ljly.net
黑龙江生物科技职业学院,黑龙江,www.swkj.net
黑龙江农垦林业职业技术学院,黑龙江,www.hklzy.com
黑龙江农垦科技职业学院,黑龙江,www.nkkjxy.com
黑龙江商业职业学院,黑龙江,www.hljszy.net
黑龙江信息技术职业学院,黑龙江,www.hljitpc.com
黑龙江三江美术职业学院,黑龙江,www.sjmsxy.net.cn
黑龙江煤炭职业技术学院,黑龙江,www.hmzy.cn
哈尔滨传媒职业学院,黑龙江,www.hljpr0451.com
七台河职业学院,黑龙江,www.qthzyxy.com
大连软件职业学院,辽宁,www.dlrj.edu.cn
哈尔滨剑桥学院,黑龙江,www.jqu.net.cn
哈尔滨石油学院,黑龙江,www.hr-edu.com
哈尔滨远东理工学院,黑龙江,www.fe-edu.com.cn
黑龙江外国语学院,黑龙江,www.hiu.edu.cn
黑龙江工商学院,黑龙江,www.chdxy.cn
哈尔滨广厦学院,黑龙江,www.gsxy.cn
黑龙江财经学院,黑龙江,www.hrbtc.com
黑龙江省教育学院,黑龙江,www.hljsedu.com
黑龙江交通职业技术学院,黑龙江,www.hlcp.com.cn
长沙卫生职业学院,湖南,www.cswszy.com
湖南都市职业学院,湖南,www.worlduc.com/e/default.aspx?eid=5396
柳州铁道职业技术学院,广西,http://www.lztdzy.com/
贵港职业学院,广西,www.ggzy.net
广西演艺职业学院,广西,http://www.gxart.cn/
北京电子科技职业学院,北京,www.dky.bjedu.cn
共青科技职业学院,江西,www.gqkj.com.cn
福建电力职业技术学院,福建,www.fjdy.net
漯河食品职业学院,河南,www.lsgx.com.cn
桂林理工大学博文管理学院,广西,www.bwgl.cn
辽宁师范大学海华学院,辽宁,haihua.lnnu.edu.cn
长春财经学院,吉林,www.iecctc.com
辽宁医药职业学院,辽宁,http://www.lnyyzyxy.com/
辽宁何氏医学院,辽宁,www.he-edu.com
江西工业职业技术学院,江西,http://www.jxgzy.cn/
朝阳师范高等专科学校,辽宁,www.cysz.com.cn
上海理工大学,上海,www.usst.edu.cn
上海戏剧学院,上海,www.sta.edu.cn
上海海事大学,上海,www.shmtu.edu.cn
上海电力学院,上海,www.shiep.edu.cn
上海应用技术学院,上海,www.sit.edu.cn
上海医疗器械高等专科学校,上海,www.smic.edu.cn
上海海洋大学,上海,www.shfu.edu.cn
上海中医药大学,上海,www.shutcm.edu.cn
上海师范大学,上海,www.shnu.edu.cn
上海对外经贸大学,上海,www.shift.edu.cn
华东政法大学,上海,www.ecupl.edu.cn
上海旅游高等专科学校,上海,www.sitsh.edu.cn
上海体育学院,上海,www.sus.edu.cn
上海音乐学院,上海,www.shcmusic.edu.cn
上海政法学院,上海,www.shupl.edu.cn
上海电机学院,上海,www.sdju.edu.cn
上海工程技术大学,上海,www.sues.edu.cn
上海立信会计学院,上海,www.lixin.edu.cn
上海金融学院,上海,www.shfc.edu.cn
上海医药高等专科学校,上海,www.sihs.cn
上海出版印刷高等专科学校,上海,www.sppc.edu.cn
上海大学,上海,www.shu.edu.cn
上海杉达学院,上海,www.sandau.edu.cn
上海纽约大学,上海,shanghai.nyu.edu
上海城市管理职业技术学院,上海,www.shumc.edu.cn
上海交通职业技术学院,上海,www.scp.edu.cn
上海商学院,上海,www.sbs.edu.cn
上海第二工业大学,上海,www.sspu.cn
上海济光职业技术学院,上海,www.shjgxy.net
上海建桥学院,上海,www.gench.com.cn
上海工商外国语职业学院,上海,www.sicfl.edu.cn
上海东海职业技术学院,上海,www.esu.edu.cn
上海工商职业技术学院,上海,www.xqpi.net
上海电子信息职业技术学院,上海,www.stiei.edu.cn
上海震旦职业学院,上海,www.aurora-college.cn
上海民远职业技术学院,上海,www.min-yuan.com
上海行健职业学院,上海,www.shxj.cn
上海中侨职业技术学院,上海,www.shzq.edu.cn
上海兴韦信息技术职业学院,上海,www.xingwei.edu.cn
上海中华职业技术学院,上海,
上海欧华职业技术学院,上海,www.shouhua.net.cn
上海邦德职业技术学院,上海,www.shbangde.com
上海思博职业技术学院,上海,www.shsipo.com
上海立达职业技术学院,上海,www.lidapoly.com
上海建峰职业技术学院,上海,www.shjf.edu.cn
上海工艺美术职业学院,上海,
上海电影艺术职业学院,上海,www.shfilmart.com
上海海事职业技术学院,上海,www.sma.edu.cn
上海科学技术职业学院,上海,www.scst.edu.cn
上海工会管理职业学院,上海,www.shghxyedu.net
常州纺织服装职业技术学院,江苏,www.cztgi.edu.cn
上海农林职业技术学院,上海,www.shafc.edu.cn
上海外国语大学贤达经济人文学院,上海,www.xdsisu.edu.cn
上海师范大学天华学院,上海,www.sthu.cn
马鞍山职业技术学院,安徽,www.mastc.edu.cn
苏州大学,江苏,www.suda.edu.cn
江西工业工程职业技术学院,江西,www.jxgcxy.net
南京医科大学,江苏,www.njmu.edu.cn
江苏科技大学,江苏,www.just.edu.cn
南京工业大学,江苏,www.njtech.edu.cn
常州大学,江苏,www.jpu.edu.cn
南京邮电大学,江苏,www.njupt.edu.cn
南通职业大学,江苏,www.ntvc.edu.cn
南京林业大学,江苏,www.njfu.edu.cn
江苏大学,江苏,www.ujs.edu.cn
南京信息工程大学,江苏,www.nuist.edu.cn
淮阴工学院,江苏,www.hyit.edu.cn
南通大学,江苏,www.ntu.edu.cn
盐城工学院,江苏,www.ycit.edu.cn
江苏建筑职业技术学院,江苏,www.jsjzi.edu.cn
太湖创意职业技术学院,江苏,www.thcyzy.org
徐州医学院,江苏,www.xzmc.edu.cn
南京师范大学,江苏,www.njnu.edu.cn
淮阴师范学院,江苏,www.hytc.edu.cn
盐城师范学院,江苏,www.yctc.edu.cn
扬州大学,江苏,www.yzu.edu.cn
南京财经大学,江苏,www.njue.edu.cn
泰州学院,江苏,www.tzsz.net
南京艺术学院,江苏,www.njarti.edu.cn
金陵科技学院,江苏,www.jit.edu.cn
徐州工程学院,江苏,www.xzit.edu.cn
镇江市高等专科学校,江苏,www.zjc.edu.cn
常州工学院,江苏,www.czu.cn
南京审计学院,江苏,www.nau.edu.cn
江苏理工学院,江苏,www.jstu.edu.cn
淮海工学院,江苏,www.hhit.edu.cn
连云港师范高等专科学校,江苏,www.lygsf.cn
南京工程学院,江苏,www.njit.edu.cn
苏州科技学院,江苏,www.usts.edu.cn
中国矿业大学徐海学院,江苏,xhc.cumt.edu.cn
扬州市职业大学,江苏,www.yzpc.edu.cn
西交利物浦大学,江苏,www.xjtlu.edu.cn
苏州职业大学,江苏,www.jssvc.edu.cn
三江学院,江苏,www.sju.js.cn
南京晓庄学院,江苏,www.njxzc.edu.cn
江苏信息职业技术学院,江苏,www.jsit.edu.cn
连云港职业技术学院,江苏,www.lygtc.net.cn
无锡科技职业学院,江苏,www.wxstc.cn
徐州建筑职业技术学院,江苏,www.jsjzi.edu.cn
江苏农牧科技职业学院,江苏,www.jsahvc.edu.cn
盐城卫生职业技术学院,江苏,www.jsycmc.com
常州工程职业技术学院,江苏,www.czie.net
江苏海事职业技术学院,江苏,www.jmi.edu.cn
无锡职业技术学院,江苏,www.wxit.edu.cn
南通航运职业技术学院,江苏,www.ntsc.edu.cn
常州信息职业技术学院,江苏,www.ccit.js.cn
苏州港大思培科技职业学院,江苏,www.hkuspace.edu.cn
扬州工业职业技术学院,江苏,www.ypi.edu.cn
江苏工程职业技术学院,江苏,www.nttec.edu.cn
苏州工业园区职业技术学院,江苏,www.ivt.edu.cn
扬州环境资源职业技术学院,江苏,www.yzerc.org
淮安信息职业技术学院,江苏,www.hcit.edu.cn
江苏农林职业技术学院,江苏,www.jsafc.net
无锡工艺职业技术学院,江苏,www.wxgyxy.cn
无锡南洋职业技术学院,江苏,www.wsoc.edu.cn
南京旅游职业学院,江苏,www.jltu.net
南京师范大学中北学院,江苏,zb.njnu.edu.cn
江苏经贸职业技术学院,江苏,www.jseti.edu.cn
金山职业技术学院,江苏,www.jscu.cn
苏州托普信息职业技术学院,江苏,www.szetop.com
民办明达职业技术学院,江苏,www.mdut.cn
江南影视艺术职业学院,江苏,www.jnys.cn
南京铁道职业技术学院,江苏,www.njrts.edu.cn
南京大学金陵学院,江苏,www.jlxynju.cn
福建农林大学东方学院,福建,http://www.fafuoc.com/
徐州工业职业技术学院,江苏,www.xzcit.edu.cn
江苏食品药品职业技术学院,江苏,www.jsfsc.edu.cn
南京中医药大学翰林学院,江苏,www.hlxy.edu.cn
硅湖职业技术学院,江苏,www.usl.edu.cn
南京特殊教育师范学院,江苏,www.njty.edu.cn
南京航空航天大学金城学院,江苏,jc.nuaa.edu.cn
南京邮电大学通达学院,江苏,tdxy.njupt.edu.cn
无锡太湖学院,江苏,www.thxy.org
中国传媒大学南广学院,江苏,www.cucn.edu.cn
南京理工大学泰州科技学院,江苏,www.njusttz.edu.cn
南京信息工程大学滨江学院,江苏,www.bjxy.cn
东南大学成贤学院,江苏,cxxy.seu.edu.cn
南京审计学院金审学院,江苏,jsxy.nau.edu.cn
南京师范大学泰州学院,江苏,www.njnutz.com
常州大学怀德学院,江苏,hdc.cczu.edu.cn
九州职业技术学院,江苏,www.jznu.com.cn
杭州电子科技大学,浙江,www.hdu.edu.cn
浙江工业大学,浙江,www.zjut.edu.cn
浙江理工大学,浙江,www.zist.edu.cn
宁波诺丁汉大学,浙江,www.nottingham.edu.cn
浙江海洋学院,浙江,www.zjou.net.cn
浙江农林大学,浙江,www.zjfc.edu.cn
苏州大学文正学院,江苏,www.sdwz.cn
温州医科大学,浙江,www.wzmc.net
浙江师范大学,浙江,www.zjnu.edu.cn
杭州师范大学,浙江,www.hznu.edu.cn
湖州师范学院,浙江,www.hutc.zj.cn
绍兴文理学院,浙江,www.usx.edu.cn
台州学院,浙江,www.tzc.edu.cn
浙江工商大学,浙江,www.hzic.edu.cn
福建师范大学闽南科技学院,福建,http://www.mnkjxy.com/
中国美术学院,浙江,www.caa.edu.cn
中国计量学院,浙江,www.cjlu.edu.cn
浙江万里学院,浙江,www.zjwu.net
湖州师范学院求真学院,浙江,http://qzxy.hutc.zj.cn/
浙江科技学院,浙江,www.zust.edu.cn
宁波工程学院,浙江,www.nbut.cn
浙江水利水电学院,浙江,www.zjwchc.com
宁波大学,浙江,www.nbu.edu.cn
浙江传媒学院,浙江,www.zjicm.edu.cn
苏州科技学院天平学院,江苏,tpxy.usts.edu.cn
温州大学,浙江,www.wzu.edu.cn
嘉兴学院,浙江,www.zjxu.edu.cn
浙江医药高等专科学校,浙江,www.zjpc.net.cn
苏州大学应用技术学院,江苏,tec.suda.edu.cn
扬州大学广陵学院,江苏,glxy.yzu.edu.cn
南通大学杏林学院,江苏,xlxy.ntu.edu.cn
中山大学南方学院,广东,www.nfsysu.cn
宁波城市职业技术学院,浙江,www.nbcc.cn
浙江金融职业学院,浙江,www.zfc.edu.cn
浙江交通职业技术学院,浙江,www.zjvtit.edu.cn
杭州职业技术学院,浙江,www.hzvtc.edu.cn
宁波职业技术学院,浙江,www.nbptweb.net
浙江纺织服装职业技术学院,浙江,www.zjff.net
温州职业技术学院,浙江,www.wzvtc.cn
金华职业技术学院,浙江,www.jhc.cn
浙江商业职业技术学院,浙江,www.zjbti.net.cn
浙江工贸职业技术学院,浙江,www.zjitc.net
台州职业技术学院,浙江,www.tzvtc.com
浙江横店影视职业学院,浙江,www.zjhyxy.net
浙江旅游职业学院,浙江,www.tczj.net
嘉兴职业技术学院,浙江,www.jxvtc.net
浙江经济职业技术学院,浙江,www.zjtie.edu.cn
台州科技职业学院,浙江,www.tzvcst.net
浙江国际海运职业技术学院,浙江,www.zimc.cn
浙江机电职业技术学院,浙江,www.zime.edu.cn
湖州职业技术学院,浙江,www.hzvtc.net
浙江广厦建设职业技术学院,浙江,www.guangshaxy.com
宁波大红鹰学院,浙江,www.dhyedu.com
上海财经大学浙江学院,浙江,www.shufe-zj.edu.cn
温州大学城市学院,浙江,www.wucc.cn
浙江财经大学东方学院,浙江,www.zufedfc.edu.cn
浙江大学城市学院,浙江,www.zucc.edu.cn
浙江大学宁波理工学院,浙江,www.nit.net.cn
杭州电子科技大学信息工程学院,浙江,www.hziee.edu.cn
嘉兴学院南湖学院,浙江,nhxy.zjxu.edu.cn
浙江工业大学之江学院,浙江,www.zjc.zjut.edu.cn
中国计量学院现代科技学院,浙江,xdkj.cjlu.edu.cn
同济大学浙江学院,浙江,www.tjzj.edu.cn
浙江理工大学科技与艺术学院,浙江,www.ky.zstu.edu.cn
温州大学瓯江学院,浙江,www.ojc.zj.cn
浙江汽车职业技术学院,浙江,www.geelyedu.com
安徽工业大学,安徽,www.ahut.edu.cn
安徽理工大学,安徽,www.aust.edu.cn
安徽大学,安徽,www.ahu.edu.cn
安徽工程大学,安徽,www.ahpu.edu.cn
安徽农业大学,安徽,www.ahau.edu.cn
安徽医科大学,安徽,www.ahmu.edu.cn
蚌埠医学院,安徽,www.bbmc.edu.cn
安徽师范大学,安徽,www.ahnu.edu.cn
淮北师范大学,安徽,www.hbcnc.edu.cn
安徽中医药大学,安徽,www.ahtcm.edu.cn
阜阳师范学院,安徽,www.fync.edu.cn
安徽财经大学,安徽,www.aufe.edu.cn
巢湖学院,安徽,www.chtc.edu.cn
安徽建筑大学,安徽,www.aiai.edu.cn
安徽科技学院,安徽,www.ahstu.edu.cn
淮南师范学院,安徽,www.hnnu.edu.cn
合肥学院,安徽,www.hfuu.edu.cn
安徽医学高等专科学校,安徽,www.ahyz.cn
蚌埠学院,安徽,www.bbxy.edu.cn
毫州师范高等专科学校,安徽,www.bznc.net.cn
安徽中医药高等专科学校,安徽,www.ahzyygz.com
马鞍山师范高等专科学校,安徽,www.massz.cn
安庆师范学院,安徽,www.aqtc.edu.cn
淮南联合大学,安徽,www.hnuu.edu.cn
安徽职业技术学院,安徽,www.avtc.cn
淮北职业技术学院,安徽,www.hbvtc.net
安徽商贸职业技术学院,安徽,www.abc.edu.cn
安徽水利水电职业技术学院,安徽,www.ahsdxy.edu.cn
安徽广播影视职业技术学院,安徽,www.amtc.cn
安徽国防科技职业学院,安徽,www.ahgf.com.cn
安徽警官职业学院,安徽,www.ahjgxy.com
安徽机电职业技术学院,安徽,www.ahcme.cn
阜阳科技职业学院,安徽,www.fky.net.cn
亳州职业技术学院,安徽,www.bzvtc.com
安徽文达信息工程学院,安徽,www.wendaedu.com.cn
民办安徽旅游职业学院,安徽,www.ahlyedu.cn
安徽长江职业学院,安徽,www.ahcjxy.com
安徽粮食工程职业学院,安徽,www.ahlsxy.cn
安徽新闻出版职业技术学院,安徽,www.ahcbxy.cn
安徽财经大学商学院,安徽,acsxy.aufe.edu.cn
淮北师范大学信息学院,安徽,www.hbcnc.edu.cn/Site/xxxy/html/
安徽建筑工业学院城市建设学院,安徽,www.aiai.edu.cn/cjxy
福建工程学院,福建,www.fjut.edu.cn
福州大学,福建,www.fzu.edu.cn
宁德师范学院,福建,www.ndsy.cn
福建师范大学,福建,www.fjtu.edu.cn
闽江学院,福建,www.mju.edu.cn
武夷学院,福建,www.nptc.edu.cn
闽南师范大学,福建,www.fjzs.edu.cn
莆田学院,福建,202.101.111.195
泉州师范学院,福建,www.qztc.edu.cn
厦门理工学院,福建,www.xmut.edu.cn
集美大学,福建,www.jmu.edu.cn
福建医科大学,福建,www.fjmu.edu.cn
福建农林大学,福建,www.fjau.edu.cn
福建商业高等专科学校,福建,www.fjsgz.com.cn
福建警察学院,福建,210.34.112.11
泉州医学高等专科学校,福建,www.qzygz.com
福建华南女子职业学院,福建,http://www.hnwomen.com.cn/
三明学院,福建,http://www.fjsmu.cn/
仰恩大学,福建,www.yeu.edu.cn
黎明职业大学,福建,www.lmu.edu.cn
龙岩学院,福建,www.lyun.edu.cn
湄洲湾职业技术学院,福建,www.fjmzw.com
福建交通职业技术学院,福建,www.fjcpc.edu.cn
漳州吉马印刷职业技术学院,福建,www.jmpc-edu.cn
厦门兴才职业技术学院,福建,www.xmxc.com
厦门海洋职业技术学院,福建,www.xmoc.cn
泉州纺织服装职业学院,福建,www.yqu.cn
漳州职业技术学院,福建,http://www.fjzzy.org/
闽西职业技术学院,福建,www.mxdx.net
泉州理工职业学院,福建,
福建水利电力职业技术学院,福建,www.fjsdxy.com
泉州经贸职业技术学院,福建,www.qzjmc.cn
福建林业职业技术学院,福建,www.fjlzy.com
闽南理工学院,福建,http://www.mnust.cn/
厦门华天涉外职业技术学院,福建,www.gkzslq.cn
福建对外经济贸易职业技术学院,福建,http://www.ffts.net/
泉州华光职业学院,福建,www.hgu.cn
泉州信息职业技术学院,福建,www.qziedu.cn
厦门演艺职业学院,福建,www.xmyanyi.com
福州黎明职业技术学院,福建,www.fzlmxy.cn
福建生物工程职业技术学院,福建,www.fjyyxx.com
福建卫生职业技术学院,福建,www.fjwx.com.cn
厦门华厦学院,福建,www.hxu.xmnet.edu.cn
厦门软件职业技术学院,福建,www.xmstc.cn
厦门南洋职业学院,福建,www.xnanyang.com
厦门东海职业技术学院,福建,www.xmdh.com
漳州科技职业学院,福建,www.tftc.edu.cn
泉州泰山航海职业学院,福建,www.qztmi.cn
厦门大学嘉庚学院,福建,www.xujc.com
阳光学院,福建,ygxy.fzu.edu.cn
集美大学诚毅学院,福建,chengyi.jmu.edu.cn
福州大学至诚学院,福建,www.fdzcxy.com
福建江夏学院,福建,www.fjcgy.com.cn
江西枫林涉外经贸职业学院,江西,www.fenglin.org
华东交通大学,江西,www.ecjtu.jx.cn
东华理工大学,江西,www.ecit.edu.cn
南昌航空大学,江西,www.nchu.edu.cn
江西理工大学,江西,www.jxust.cn
景德镇陶瓷学院,江西,www.jci.jx.cn
江西农业大学,江西,http://www.jxau.edu.cn/
江西泰豪动漫职业学院,江西,www.tellhowedu.com
江西中医药大学,江西,http://www.jxutcm.edu.cn/
赣南医学院,江西,http://www.gmu.cn/
江西师范大学,江西,www.jxnu.edu.cn
上饶师范学院,江西,http://www.sru.jx.cn/
赣南师范学院,江西,http://www.gnnu.cn/
井冈山大学,江西,www.jgsu.edu.cn
江西财经大学,江西,http://www.jxufe.edu.cn/
南昌大学,江西,http://www.ncu.edu.cn/
江西医学高等专科学校,江西,www.sryx.cn
景德镇学院,江西,www.jcc.jx.cn
萍乡学院,江西,http://www.pxc.jx.cn/
南昌工程学院,江西,www.nit.edu.cn
江西科技师范大学,江西,www.jxstnu.cn
江西警察学院,江西,www.jxga.com
江西中医药高等专科学校,江西,www.jxtcms.net
南昌师范高等专科学校,江西,www.nctc.com.cn
九江职业大学,江西,http://www.jjvu.jx.cn/templet/default/
新余学院,江西,www.xyc.edu.cn
九江学院,江西,www.jjtu.edu.cn
宜春学院,江西,www.ycu.jx.cn
九江职业技术学院,江西,www.jvtc.jx.cn
江西传媒职业学院,江西,www.jxcb.com
江西航空职业技术学院,江西,www.jhxy.com.cn
江西科技学院,江西,www.jxut.edu.cn
江西渝州科技职业学院,江西,www.ygcollege.com
南昌理工学院,江西,www.nclg.com.cn
江西司法警官职业学院,江西,www.jxsfjy.nc.jx.cn
江西城市职业学院,江西,www.jxcsedu.com
江西电力职业技术学院,江西,www.Jxdl.net.cn
江西旅游商贸职业学院,江西,www.jxlsxy.com
江西经济管理职业学院,江西,www.jiea.cn
江西陶瓷工艺美术职业技术学院,江西,www.jxgymy.com
江西环境工程职业学院,江西,www.jxhjxy.com
江西信息应用职业技术学院,江西,www.jxcia.com
江西工业贸易职业技术学院,江西,www.jxgzy.cn
江西太阳能科技职业学院,江西,www.tynxy.com
江西财经职业学院,江西,www.jxvc.jx.cn
江西应用技术职业学院,江西,www.jxyyxy.com
江西农业工程职业学院,江西,www.jxaevc.gov.cn
上饶职业技术学院,江西,http://www.srzy.cn/
江西现代职业技术学院,江西,www.jxxdxy.com
南昌工学院,江西,www.gjdx.com
江西大宇职业技术学院,江西,www.jxdy.com
江西服装学院,江西,www.fuzhuang.com.cn
江西科技职业学院,江西,www.jxkeda.com
江西外语外贸职业学院,江西,www.jxcfs.com
江西冶金职业技术学院,江西,www.jxyjxy.com
江西艺术职业学院,江西,www.jxyszyxy.com
江西应用工程职业学院,江西,www.jxatei.net
江西生物科技职业学院,江西,www.jxswkj.com
江西建设职业技术学院,江西,www.jxjsxy.com
江西青年职业学院,江西,www.jxqy.com.cn
鹰潭职业技术学院,江西,www.jxytxy.com.cn
宜春职业技术学院,江西,www.ycvc.jx.cn
赣西科技职业学院,江西,www.nfjy.net
江西师范大学科学技术学院,江西,www.jxnu.edu.cn
赣南师范学院科技学院,江西,www.gnnu.edu.cn
江西农业大学南昌商学院,江西,www.ncsxy.com
江西理工大学应用科学学院,江西,www.simasc.jx.cn
华东交通大学理工学院,江西,www.ecjtuit.com.cn
南昌航空大学科技学院,江西,www.nckjxy.cn
东华理工大学长江学院,江西,ytc.ecit.edu.cn
江西财经大学现代经济管理学院,江西,xjg.jxufe.cn
南昌大学科学技术学院,江西,www.ndkj.com.cn
景德镇陶瓷学院科技艺术学院,江西,www.jci-ky.cn
江西先锋软件职业技术学院,江西,www.aheadedu.com
济南大学,山东,www.ujn.edu.cn
青岛科技大学,山东,www.qust.edu.cn
山东科技大学,山东,www.sdust.edu.cn
曲阜师范大学,山东,www.qfnu.edu.cn
青岛理工大学,山东,www.qtech.edu.cn
山东建筑大学,山东,www.sdjzu.edu.cn
青岛农业大学,山东,www.qau.edu.cn
潍坊医学院,山东,www.wfmc.edu.cn
济宁医学院,山东,www.jnmc.edu.cn
山东中医药大学,山东,www.sdutcm.edu.cn
聊城大学,山东,www.lcu.edu.cn
山东师范大学,山东,www.sdnu.edu.cn
泰山学院,山东,www.tsu.edu.cn
鲁东大学,山东,www.ytnc.edu.cn
临沂大学,山东,www.lyu.edu.cn
德州学院,山东,www.dzu.edu.cn
山东工艺美术学院,山东,www.sdada.edu.cn
山东财经大学,山东,www.sdufe.edu.cn
烟台大学,山东,www.ytu.edu.cn
菏泽学院,山东,www.hzu.com.cn
山东交通学院,山东,www.sdjtu.edu.cn
滨州医学院,山东,www.bzmc.edu.cn
山东工商学院,山东,www.sdibt.edu.cn
滨州学院,山东,www.bztc.edu.cn
济宁学院,山东,www.jnxy.edu.cn
青岛工学院,山东,www.oucqdc.edu.cn
青岛大学,山东,www.qdu.edu.cn
枣庄学院,山东,www.uzz.edu.cn
潍坊学院,山东,www.wfu.edu.cn
齐鲁工业大学,山东,www.sdili.edu.cn
山东理工大学,山东,www.sdut.edu.cn
山东农业大学,山东,www.sdau.edu.cn
烟台南山学院,山东,www.nanshan.edu.cn
齐鲁医药学院,山东,www.wjmu.net
山东城市建设职业学院,山东,www.sdcjxy.com
山东商业职业技术学院,山东,zs.sict.edu.cn
山东畜牧兽医职业学院,山东,www.sdmyxy.cn
曲阜远东职业技术学院,山东,www.fareast-edu.net
山东司法警官职业学院,山东,www.sdsfjy.com
青岛职业技术学院,山东,www.qtc.edu.cn
威海职业学院,山东,www.weihaicollege.com
济宁职业技术学院,山东,www.jnzjxy.com.cn
日照职业技术学院,山东,www.rzpt.cn
东营职业学院,山东,www.dyxy.net
山东交通职业学院,山东,www.sdjtzyxy.com
山东旅游职业学院,山东,www.sdts.net.cn
山东药品食品职业学院,山东,www.sddfvc.cn
山东现代学院,山东,http://www.uxd.com.cn/
山东职业学院,山东,www.sdp.edu.cn
山东铝业职业学院,山东,www.shlzhj.net
潍坊职业学院,山东,www.sdwfvc.com
山东大王职业学院,山东,www.dwcollege.net
山东科技职业学院,山东,www.sdzy.com.cn
山东服装职业学院,山东,www.svict.com
菏泽家政职业学院,山东,www.hzjzxy.com
山东力明科技职业学院,山东,www.6789.com.cn
德州科技职业学院,山东,www.sddzkj.com
山东外事翻译职业学院,山东,www.wsfy.cn
淄博职业学院,山东,www.zbvc.cn
山东圣翰财贸职业学院,山东,www.suu.com.cn
山东信息职业技术学院,山东,www.sdcit.cn
山东外国语职业学院,山东,www.sdflc.com
青岛酒店管理职业技术学院,山东,www.qchm.edu.cn
山东英才学院,山东,www.ycxy.com
山东杏林科技职业学院,山东,www.sdxlxy.com
青岛飞洋职业技术学院,山东,www.feiyangcollege.com
山东协和学院,山东,www.sdxiehe.edu.cn
青岛港湾职业技术学院,山东,www.qdgw.com
山东凯文科技职业学院,山东,www.sdkevin.cn
青岛求实职业技术学院,山东,www.qdqs.com
青岛黄海学院,山东,www.huanghaicollege.com
聊城大学东昌学院,山东,www.lcudc.cn
山东化工职业学院,山东,http://www.qledu.net/
青岛恒星职业技术学院,山东,www.cestar.com
山东经贸职业学院,山东,www.sdecu.com
烟台大学文经学院,山东,wenjing.ytu.edu.cn
青岛理工大学琴岛学院,山东,www.qdc.cn
中国石油大学胜利学院,山东,www.pusc.cn
青岛远洋船员职业学院,山东,www.coscoqmc.com.cn
山东艺术学院,山东,www.sdca.edu.cn
南通农业职业技术学院,江苏,www.ntac.edu.cn
苏州经贸职业技术学院,江苏,www.szjm.edu.cn
苏州卫生职业技术学院,江苏,www.szmtc.com
无锡商业职业技术学院,江苏,www.wxic.edu.cn
苏州农业职业技术学院,江苏,www.szai.edu.cn
南通理工学院,江苏,www.zlvc.edu.cn
炎黄职业技术学院,江苏,www.yhust.edu.cn
正德职业技术学院,江苏,www.zdxy.cn
金肯职业技术学院,江苏,www.jku.edu.cn
建东职业技术学院,江苏,www.czjdu.com
江阴职业技术学院,江苏,www.jypc.org
无锡城市职业技术学院,江苏,www.wxcsxy.com
苏州健雄职业技术学院,江苏,www.wjxvtc.cn
盐城工业职业技术学院,江苏,www.yctei.cn
江苏财经职业技术学院,江苏,www.jscjxy.cn
南京机电职业技术学院,江苏,www.njcmee.net
山东丝绸纺织职业学院,山东,www.silkedu.com
山东海事职业学院,山东,www.sdm.net.cn
山东传媒职业学院,山东,www.sdcmc.net
曲阜师范大学杏坛学院,山东,www.xtxy.cn
南京理工大学紫金学院,江苏,zj.njust.edu.cn
许昌陶瓷职业学院,河南,www.xccvc.com
江苏大学京江学院,江苏,jjxy.ujs.edu.cn
江西交通职业技术学院,江西,www.jxjtxy.com
抚州职业技术学院,江西,www.fzjsxy.com
江西卫生职业学院,江西,www.jxhlxy.com.cn
江西科技师范大学理工学院,江西,vir.jxstnu.edu.cn/lgxy
江西制造职业技术学院,江西,www.jxmtc.com
南阳职业学院,河南,www.nyzyxy.com
郑州大学,河南,www.zzu.edu.cn
河南理工大学,河南,www.hpu.edu.cn
华北水利水电大学,河南,www.ncwu.edu.cn
郑州轻工业学院,河南,www.zzuli.edu.cn
河南工业大学,河南,www.haut.edu.cn
河南科技大学,河南,www.haust.edu.cn
中原工学院,河南,www.zzti.edu.cn
河南农业大学,河南,www.henau.edu.cn
河南科技学院,河南,www.hist.edu.cn
郑州牧业工程高等专科学校,河南,www.hnuahe.edu.cn
河南中医学院,河南,www.hactcm.edu.cn
新乡医学院,河南,www.xxmu.edu.cn
河南大学,河南,www.henu.edu.cn
信阳师范学院,河南,www.xytc.edu.cn
河南师范大学,河南,www.henannu.edu.cn
周口师范学院,河南,www.zknu.edu.cn
许昌学院,河南,www.xcu.edu.cn
南阳师范学院,河南,www.nynu.edu.cn
洛阳师范学院,河南,www.lynu.edu.cn
商丘师范学院,河南,www.sqnc.edu.cn
河南财经政法大学,河南,www.huel.edu.cn
平顶山学院,河南,www.pdsu.edu.cn
郑州航空工业管理学院,河南,www.zzia.edu.cn
安阳师范学院,河南,www.aynu.edu.cn
新乡学院,河南,www.xxu.edu.cn
郑州师范学院,河南,www.zztc.com.cn
黄淮学院,河南,www.huanghuai.edu.cn
中州大学,河南,www.zhzhu.edu.cn
开封大学,河南,www.kfu.edu.cn
洛阳理工学院,河南,www.lit.edu.cn
河南财政税务高等专科学校,河南,www.hacz.edu.cn
南阳医学高等专科学校,河南,www.nymc.cn
信阳农林学院,河南,www.xyac.edu.cn
商丘医学高等专科学校,河南,www.sqyx.edu.cn
漯河医学高等专科学校,河南,www.lhmc.edu.cn
河南机电高等专科学校,河南,www.hneeu.edu.cn
安阳工学院,河南,www.ayit.edu.cn
洛阳工业高等专科学校,河南,
焦作大学,河南,www.jzu.cn
郑州澍青医学高等专科学校,河南,www.shuqing.org
河南牧业经济学院,河南,www.habc.edu.cn
南阳理工学院,河南,www.nyist.edu.cn
河南城建学院,河南,www.hncj.edu.cn
郑州电力高等专科学校,河南,www.zepc.edu.cn
焦作师范高等专科学校,河南,www.jzsz.cn
河南建筑职业技术学院,河南,www.hnjs.com.cn
黄河水利职业技术学院,河南,www.yrcti.edu.cn
三门峡职业技术学院,河南,www.smxpt.cn
郑州铁路职业技术学院,河南,www.zzrvtc.com
济源职业技术学院,河南,www.jyvtc.com
商丘职业技术学院,河南,www.sqzy.com.cn
鹤壁职业技术学院,河南,www.hbzy.edu.cn
平顶山工业职业技术学院,河南,www.pzxy.edu.cn
河南工业职业技术学院,河南,www.hnpi.edu.cn
郑州科技学院,河南,www.zzist.net
永城职业学院,河南,www.yczyxy.com
信阳职业技术学院,河南,www.xyvtc.cn
黄河交通学院,河南,www.zjtu.edu.cn
河南检察职业学院,河南,www.hnjc.org
郑州职业技术学院,河南,www.zzyedu.cn
嵩山少林武术职业学院,河南,www.shaolinkungfu.edu.cn
郑州工业应用技术学院,河南,www.zzhxxy.com
河南农业职业学院,河南,www.hnca.edu.cn
郑州旅游职业学院,河南,www.zztrc.edu.cn
郑州城市职业学院,河南,www.zcu.edu.cn
黄河科技学院,河南,www.hhstu.edu.cn
新乡医学院三全学院,河南,www.sqmc.edu.cn
中原工学院信息商务学院,河南,www.zcib.cn
河南理工大学万方科技学院,河南,wfstc.hpu.edu.cn
河南农业大学华豫学院,河南,www.squ.net.cn
郑州黄河护理职业学院,河南,www.zyrnvc.com
郑州成功财经学院,河南,www.chenggong.edu.cn
河南师范大学新联学院,河南,www.xlxy.edu.cn
郑州升达经贸管理学院,河南,www.shengda.edu.cn
长江大学,湖北,http://www.yangtzeu.edu.cn/
武汉工程大学,湖北,www.wit.edu.cn
湖北科技职业学院,湖北,www.hubstc.com.cn
武汉纺织大学,湖北,www.wuse.edu.cn
武汉轻工大学,湖北,zsb.whpu.edu.cn
襄阳职业技术学院,湖北,www.hbxytc.com
湖北工业大学,湖北,www.hbut.edu.cn
湖北中医药大学,湖北,www.hbtcm.edu.cn
湖北师范学院,湖北,www.hbnu.edu.cn
湖北民族学院,湖北,www.hbmy.edu.cn
郧阳师范高等专科学校,湖北,www.yytc.net.cn
湖北文理学院,湖北,www.hbuas.edu.cn
武汉体育学院,湖北,www.wipe.edu.cn
湖北汽车工业学院,湖北,www.huat.edu.cn
湖北美术学院,湖北,www.hifa.edu.cn
湖北工程学院,湖北,www.hbeu.cn
湖北理工学院,湖北,www.hbpu.edu.cn
湖北医药学院,湖北,www.yymc.edu.cn
江汉大学,湖北,www.jhun.edu.cn
荆州理工职业学院,湖北,www.jzlg.cn
鄂州职业大学,湖北,www.ezu.cn
长江大学工程技术学院,湖北,gcxy.yangtzeu.edu.cn
武汉商学院,湖北,218.199.208.3/school/Main
武汉科技大学城市学院,湖北,www.city.wust.edu.cn/
武汉科技大学,湖北,www.wust.edu.cn
武汉学院,湖北,www.whxy.net
三峡大学,湖北,www.ctgu.edu.cn
湖北第二师范学院,湖北,www.hue.edu.cn
湖北汽车工业学院科技学院,湖北,
湖北经济学院,湖北,www.hbue.edu.cn
湖北中医药高等专科学校,湖北,www.hbzyy.com
武汉工程科技学院,湖北,www.jccug.com
武昌理工学院,湖北,www.znuni.cn
三峡大学科技学院,湖北,www.ctgu.edu.cn
湖北商贸学院,湖北,www.hugsm.e21.edu.cn
江汉大学文理学院,湖北,www.jdwlxy.cn:8080
武汉职业技术学院,湖北,www.wtc.edu.cn
武汉船舶职业技术学院,湖北,www.wspc.edu.cn
长江职业学院,湖北,www.cjxy.edu.cn
黄冈职业技术学院,湖北,www.hbhgzy.com.cn
湖北职业技术学院,湖北,www.hbvtc.edu.cn
荆楚理工学院,湖北,www.jcut.edu.cn
恩施职业技术学院,湖北,www.eszy.edu.cn
武汉生物工程学院,湖北,www.whsw.net
湖北交通职业技术学院,湖北,www.hbctc.edu.cn
湖北轻工职业技术学院,湖北,www.hbliti.com
仙桃职业学院,湖北,www.hbxtzy.com
荆州职业技术学院,湖北,www.jzit.net.cn
武汉工程职业技术学院,湖北,www.wgxy.net
武汉航海职业技术学院,湖北,www.whhhxy.com
湖北三峡职业技术学院,湖北,www.tgc.edu.cn
武汉软件工程职业学院,湖北,http://www.whvcse.com/index.asp
武汉电力职业技术学院,湖北,www.whetc.com
湖北城市建设职业技术学院,湖北,www.ucvc.net
湖北水利水电职业技术学院,湖北,www.hbsy.cn
湖北生态工程职业技术学院,湖北,www.hb-green.com
武汉商贸职业学院,湖北,www.whicu.com
湖北开放职业学院,湖北,www.hbou.cn
武汉警官职业学院,湖北,www.whpa.cn
湖北生物科技职业学院,湖北,www.hbswkj.com
随州职业技术学院,湖北,www.szvtc.cn
武汉交通职业学院,湖北,www.whjzy.net
咸宁职业技术学院,湖北,www.xnec.cn
江汉艺术职业学院,湖北,www.hbjhart.com
长江工程职业技术学院,湖北,www.cj-edu.com.cn
湖北大学,湖北,www.hubu.edu.cn
武汉工程大学邮电与信息工程学院,湖北,www.whupt.net.cn
湖北国土资源职业学院,湖北,www.hbgt.com.cn
华中师范大学武汉传媒学院,湖北,www.whmc.edu.cn
湖北经济学院法商学院,湖北,fsxy.hbue.edu.cn
武汉体育学院体育科技学院,湖北,www.kjxy.wipe.edu.cn
武汉工商学院,湖北,www.wybu.cn
汉口学院,湖北,www.bsccnu.net.cn
湖南环境生物职业技术学院,湖南,www.hnebp.edu.cn
湘潭大学,湖南,www.xtu.edu.cn
吉首大学,湖南,www.jsu.edu.cn
湖南科技大学,湖南,www.hnust.cn
长沙理工大学,湖南,www.csust.edu.cn
湖南农业大学,湖南,www.hunau.net
中南林业科技大学,湖南,zs.csfujob.com
湖南中医药大学,湖南,www.hnctcm-zsjy.com
湖南师范大学,湖南,www.hunnu.edu.cn
湖南理工学院,湖南,www.hnist.cn
湘南学院,湖南,www.xnu.com.cn
衡阳师范学院,湖南,www.hynu.edu.cn
怀化学院,湖南,www.hhtc.edu.cn
湖南文理学院,湖南,www.huas.cn
湖南科技学院,湖南,www.huse.cn
湖南人文科技学院,湖南,www.hnrku.net.cn
湖南商学院,湖南,www.hnuc.edu.cn
湖南第一师范学院,湖南,www.hnfnu.edu.cn
湖南警察学院,湖南,www.hnpolice.com
湖南工学院,湖南,www.hnpu.edu.cn
湖南城市学院,湖南,www.hncu.net
长沙学院,湖南,www.ccsu.cn
湖南财政经济学院,湖南,www.hncz.edu.cn
湖南工业大学,湖南,www.zhuzit.edu.cn
南华大学,湖南,www.nhu.edu.cn
湖南工程学院,湖南,www.hnie.edu.cn
邵阳学院,湖南,www.hnsyu.net
湖南文理学院芙蓉学院,湖南,www.hnuf.cn
邵阳医学高等专科学校,湖南,www.hnsyyz.cn
湖南中医药高等专科学校,湖南,www.hntcmc.net
长沙师范学院,湖南,http://www.cssf.cn/
益阳医学高等专科学校,湖南,www.hnyyyz.com
长沙民政职业技术学院,湖南,www.chinaloveweb.com
湖南工业职业技术学院,湖南,www.hunangy.com
长沙医学院,湖南,www.csmu.edu.cn
湖南同德职业学院,湖南,www.tongde.com
湖南交通职业技术学院,湖南,www.hnjtzy.com.cn
湖南外贸职业学院,湖南,www.sqyx.edu.cn
怀化医学高等专科学校,湖南,www.yizhuan.com
湖南生物机电职业技术学院,湖南,http://www.hnbemc.com/web/
湖南科技职业学院,湖南,www.hnkjxy.net.cn
岳阳职业技术学院,湖南,www.yvtc.edu.cn
湖南网络工程职业学院,湖南,www.hnevc.com
湖南信息职业技术学院,湖南,www.hniu.cn
株洲职业技术学院,湖南,www.hnim.edu.cn
湖南九嶷职业技术学院,湖南,http://www.4744edu.com/
湖南涉外经济学院,湖南,www.hunaneu.com
湖南铁道职业技术学院,湖南,www.hnrpc.com
永州职业技术学院,湖南,www.hnyzzy.com
湖南大众传媒职业技术学院,湖南,www.hnmmc.cn
湖南邮电职业技术学院,湖南,http://www.txxy.org/
湘潭职业技术学院,湖南,www.xtzy.com
湖南商务职业技术学院,湖南,www.hnswxy.com
长沙电力职业技术学院,湖南,http://www.cseptc.net/index.html
娄底职业技术学院,湖南,www.ldzy.com
张家界航空工业职业技术学院,湖南,www.zjjhy.net
湖南工程职业技术学院,湖南,www.hngczy.cn
长沙环境保护职业技术学院,湖南,www.hbcollege.com.cn
益阳职业技术学院,湖南,www.yyvtc.cn
湖南电子科技职业学院,湖南,www.8379888.com
湖南铁路科技职业技术学院,湖南,www.hntky.com
保险职业学院,湖南,www.bxxy.com
长沙航空职业技术学院,湖南,www.cavtc.edu.cn
长沙南方职业学院,湖南,www.nfdx.net
常德职业技术学院,湖南,www.cdzy.cn
湖南财经工业职业技术学院,湖南,www.hycgy.com
怀化职业技术学院,湖南,www.hhptc.com.cn
湘西民族职业技术学院,湖南,www.xxmzy.com
湖南化工职业技术学院,湖南,www.hnhgzy.com
湖南城建职业技术学院,湖南,www.hnucc.com
湖南有色金属职业技术学院,湖南,www.hnyszy.com.cn
湖南商学院北津学院,湖南,www.bjxy.net.cn
湖南工业大学科技学院,湖南,www.hnut-d.com
湖南司法警官职业学院,湖南,www.jgzy.com
南华大学船山学院,湖南,usc.edu.cn/csxy
湖南应用技术学院,湖南,www.hnieyy.cn
长沙理工大学城南学院,湖南,www.csust.edu.cn/pub/cnxy
衡阳师范学院南岳学院,湖南,http://nyxy.hynu.cn/
广州大学,广东,www.gzhu.edu.cn
汕头大学,广东,www.stu.edu.cn
华南农业大学,广东,www.scau.edu.cn
广东海洋大学,广东,www.gdou.edu.cn
广州中医药大学,广东,www.gzucm.edu.cn
广东药学院,广东,www.gdpu.edu.cn
华南师范大学,广东,www.scnu.edu.cn
韶关学院,广东,www.sgu.edu.cn
惠州学院,广东,www.hzu.edu.cn
岭南师范学院,广东,www.gdlnnu.edu.cn
嘉应学院,广东,www.jyu.edu.cn
广州体育学院,广东,www.gipe.edu.cn
广州美术学院,广东,www.gzarts.edu.cn
星海音乐学院,广东,www.xhcom.edu.cn
南方科技大学,广东,www.sustc.edu.cn
深圳大学,广东,www.szu.edu.cn
广东警官学院,广东,www.gdppla.edu.cn
广东财经大学,广东,www.gdufe.edu.cn
广东金融学院,广东,www.gduf.edu.cn
广州航海学院,广东,www.gzhmt.edu.cn
广东医学院,广东,www.gdmc.edu.cn
私立华联学院,广东,www.hlu.edu.cn
五邑大学,广东,www.wyu.edu.cn
东莞理工学院,广东,www.dgut.edu.cn
肇庆医学高等专科学校,广东,www.zqmc.net
广东石油化工学院,广东,www.mmc.edu.cn
佛山科学技术学院,广东,www.fosu.edu.cn
广东外语外贸大学,广东,www.gdufs.edu.cn
广东工业大学,广东,www.gdut.edu.cn
南方医科大学,广东,www.fimmu.com
北京师范大学珠海分校,广东,www.bnuep.com
北京师范大学-香港浸会大学联合国际学院,广东,uic.edu.hk/cn
吉林大学珠海学院,广东,www.jluzh.com
北京理工大学珠海学院,广东,www.zhbit.com
广州大学松田学院,广东,www.sontan.net
广州民航职业技术学院,广东,www.caac.net
广东白云学院,广东,www.bvtc.edu.cn
广东轻工职业技术学院,广东,www.gdqy.edu.cn
河源职业技术学院,广东,www.hycollege.net
广东交通职业技术学院,广东,www.gdcp.cn
广州番禺职业技术学院,广东,121.33.253.213
广东水利电力职业技术学院,广东,www.gdsdxy.cn
清远职业技术学院,广东,www.qypt.com.cn
广东食品药品职业学院,广东,www.gdyzy.edu.cn
广东文艺职业学院,广东,www.gdla.edu.cn
江门职业技术学院,广东,www.jmpt.cn
深圳职业技术学院,广东,www.szpt.edu.cn
广州铁路职业技术学院,广东,www.gtxy.cn
广东工贸职业技术学院,广东,www.gdgm.cn
广州城市职业学院,广东,www.gcp.edu.cn
广东科贸职业学院,广东,www.gdkm.edu.cn
中山职业技术学院,广东,www.zspt.cn
广州科技职业技术学院,广东,www.gzkjxy.net
广州城建职业学院,广东,www.gzccc.edu.cn
中山火炬职业技术学院,广东,www.zstp.cn
广东亚视演艺职业学院,广东,www.atvcn.com
珠海艺术职业学院,广东,www.zhac.net
茂名职业技术学院,广东,www.mmvtc.cn
惠州经济职业技术学院,广东,www.hzcollege.com
广东东软学院,广东,www.neusoft.gd.cn
东莞南博职业技术学院,广东,www.gdst.cc
广州华南商贸职业学院,广东,www.hnsmxy.cn
广东工程职业技术学院,广东,www.gpc.net.cn
广州涉外经济职业技术学院,广东,www.gziec.net
广东海洋大学寸金学院,广东,www.gdcjxy.com
广东外语外贸大学南国商学院,广东,www.gwng.edu.cn
广州商学院,广东,www.scnuzc.cn
电子科技大学中山学院,广东,www.zsc.edu.cn
东莞理工学院城市学院,广东,csxy.dgut.edu.cn
民办南华工商学院,广东,www.nhic.edu.cn
广东工业大学华立学院,广东,www.hualixy.com
广州大学华软软件学院,广东,www.sise.com.cn
广西大学,广西,www.gxu.edu.cn
广西科技大学,广西,www.gxut.edu.cn
桂林电子科技大学,广西,www.gliet.edu.cn
桂林理工大学,广西,www.glite.edu.cn
广西财经学院,广西,www.gxufe.cn
广西医科大学,广西,www.gxmu.edu.cn
右江民族医学院,广西,www.ymcn.gx.cn
广西中医药大学,广西,www.gxtcmu.edu.cn
桂林医学院,广西,www.glmc.edu.cn
广西师范大学,广西,www.gxnu.edu.cn
广西师范学院,广西,www.gxtc.edu.cn
玉林师范学院,广西,www.ylu.edu.cn
南宁学院,广西,www.nnxy.cn
广西民族大学,广西,www.gxun.edu.cn
广西民族师范学院,广西,www.gxnun.net
桂林航天工业学院,广西,www.glcat.edu.cn
河池学院,广西,www.hcnu.edu.cn
百色学院,广西,www.bsuc.cn
桂林旅游学院,广西,www.glit.edu.cn
贺州学院,广西,www.hzco.gx.cn
桂林师范高等专科学校,广西,www.glnc.edu.cn
钦州学院,广西,www.qznc.cn
广西幼儿师范高等专科学校,广西,www.gxyesf.com
梧州学院,广西,www.gxuwz.edu.cn
广西职业技术学院,广西,www.gxzjy.com
广西机电职业技术学院,广西,www.gxcme.edu.cn
柳州职业技术学院,广西,www.lzzy.net
广西交通职业技术学院,广西,www.gxjzy.com
南宁职业技术学院,广西,www.ncvt.net
广西建设职业技术学院,广西,www.gxjsxy.cn
广西水利电力职业技术学院,广西,www.gxsdxy.cn
广西国际商务职业技术学院,广西,www.gxibvc.net
广西农业职业技术学院,广西,www.gxnyxy.com.cn
广西生态工程职业技术学院,广西,www.gxstzy.cn
广西城市职业学院,广西,www.gxccedu.com
北海艺术设计学院,广西,www.sszss.com
广西现代职业技术学院,广西,www.hczyxy.net.cn
北海职业学院,广西,www.bhzyxy.net
广西工业职业技术学院,广西,www.gxic.net
广西外国语学院,广西,www.cndffc.com
广西电力职业技术学院,广西,www.gxdlxy.com
广西艺术学院,广西,http://zsb.gxai.edu.cn/
桂林山水职业学院,广西,www.guolianweb.com
广西英华国际职业学院,广西,www.tic-gx.com.cn
柳州城市职业学院,广西,www.lcvc.cn
广西理工职业技术学院,广西,www.gxlgxy.com
梧州职业学院,广西,www.wzzyedu.com
广西中医药大学赛恩斯新医药学院,广西,www.gxzyxysy.com
桂林电子科技大学信息科技学院,广西,iit.guet.edu.cn
广西科技大学鹿山学院,广西,www.lzls.gxut.edu.cn
广西大学行健文理学院,广西,xingjian.gxu.edu.cn
北京航空航天大学北海学院,广西,www.bhbh.cn
广西民族大学相思湖学院,广西,xshxy.gxun.edu.cn
广西师范学院师园学院,广西,www.gxsy.edu.cn
海南大学,海南,www.hainu.edu.cn
琼州学院,海南,www.qzu.edu.cn
海南师范大学,海南,www.hainnu.edu.cn
海南医学院,海南,www.hainmc.edu.cn
琼台师范高等专科学校,海南,www.qttc.edu.cn
海南职业技术学院,海南,www.hcvt.cn
海口经济学院,海南,www.hkc.edu.cn
三亚城市职业学院,海南,www.sycsxy.cn
海南软件职业技术学院,海南,www.hnspi.net
海南经贸职业技术学院,海南,www.hnjmc.com
海南政法职业学院,海南,www.hnplc.com
海南外国语职业学院,海南,www.hnflvc.com
三亚航空旅游职业学院,海南,www.hnasatc.com
海南工商职业学院,海南,www.hntbc.edu.cn
海南科技职业学院,海南,main.hnkjedu.cn
三亚理工职业学院,海南,www.ucsanya.com
三亚学院,海南,www.syxyhn.com
武汉铁路职业技术学院,湖北,www.wru.com.cn
武汉民政职业学院,湖北,www.whmzxy.cn
武汉工业职业技术学院,湖北,www.wgy.cn
鄂东职业技术学院,湖北,www.edzy.cn
湖北财税职业学院,湖北,www.hbcszyxy.cn
湖北文理学院理工学院,湖北,www.xfu.edu.cn
武汉理工大学华夏学院,湖北,www.1957.cn
武昌工学院,湖北,www.wpuic.net.cn
湖北民族学院科技学院,湖北,www.hbmykjxy.com
湖北医药学院药护学院,湖北,www.yymc.edu.cn
湖北师范学院文理学院,湖北,www.wlxy.hbnu.edu.cn
武汉外语外事职业学院,湖北,www.whflfa.com
三峡电力职业学院,湖北,www.tgcep.cn
长江大学文理学院,湖北,wlxy.yangtzeu.edu.cn
武汉设计工程学院,湖北,www.hnctxy.com
湖北工业大学工程技术学院,湖北,gcxy.hbut.edu.cn
湖南交通工程学院,湖南,www.hnkjjm.com
湖南工商职业学院,湖南,www.hngsxy.com
湖南农业大学东方科技学院,湖南,www.hnaues.com
湖南科技大学潇湘学院,湖南,www.sailings.net/web_EntryStu_XX.asp?pid=5
湖南理工学院南湖学院,湖南,www.hnist.cn
潇湘职业学院,湖南,www.hnxxc.com
湖南科技经贸职业学院,湖南,www.hnkjjm.com
湖南高速铁路职业技术学院,湖南,www.htcce.com
湖南现代物流职业技术学院,湖南,www.56edu.com
湖南石油化工职业技术学院,湖南,www.hnshzy.cn
邵阳职业技术学院,湖南,www.syzyedu.com
湖南水利水电职业技术学院,湖南,www.hnsdxy.com
长沙商贸旅游职业技术学院,湖南,www.hncpu.com
湖南艺术职业学院,湖南,www.arthn.com
湖南民族职业学院,湖南,http://www.hnvc.net.cn/Index.html
湖南理工职业技术学院,湖南,http://www.xlgy.com/
湖南安全技术职业学院,湖南,http：//www.hnvist.net.cn
湖南外国语职业学院,湖南,http://www.hnflc.cn/
长沙职业技术学院,湖南,www.cszy.org
湖南软件职业学院,湖南,www.hnsoftedu.com
湖南工程学院应用技术学院,湖南,http://www.hnieyy.cn/
重庆邮电大学,重庆,www.cqupt.edu.cn
重庆交通大学,重庆,www.cqjtu.edu.cn
重庆医科大学,重庆,www.cqmu.edu.cn
重庆师范大学,重庆,www.cqnu.edu.cn
重庆文理学院,重庆,www.cqwu.net
重庆三峡学院,重庆,www.sanxiau.net
长江师范学院,重庆,www.yznu.cn
四川外国语大学,重庆,www.sisu.edu.cn
西南政法大学,重庆,202.202.80.13
四川美术学院,重庆,www.scfai.edu.cn
重庆科技学院,重庆,www.cqust.cn
重庆理工大学,重庆,www.cqit.edu.cn
重庆工商大学,重庆,www.ctbu.edu.cn
重庆第二师范学院,重庆,www.cque.edu.cn
重庆电力高等专科学校,重庆,www.cqepc.com.cn
重庆三峡医药高等专科学校,重庆,www.sxyyc.net
重庆医药高等专科学校,重庆,www.cqyygz.com
重庆交通大学（中外合作）,重庆,www.cqjtu.edu.cn
重庆旅游职业学院,重庆,www.cqvit.com
重庆航天职业技术学院,重庆,www.cqepc.cn
重庆工业职业技术学院,重庆,www.cqipc.net
重庆工程职业技术学院,重庆,www.cqvie.com
重庆城市管理职业学院,重庆,www.cswu.cn
重庆化工职业学院,重庆,www.cqhgzy.com
重庆信息技术职业学院,重庆,www.cqeec.com
重庆海联职业技术学院,重庆,www.cqhl.net.cn
重庆传媒职业学院,重庆,www.cqcmxy.com
重庆商务职业学院,重庆,www.cqswxy.cn
重庆三峡职业学院,重庆,www.cqsxedu.com
重庆工贸职业技术学院,重庆,www.cqgmy.cn
重庆机电职业技术学院,重庆,www.cqevi.net.cn
重庆工程学院,重庆,www.zdsoft.com.cn
重庆水利电力职业技术学院,重庆,www.cqsdzy.com
重庆应用技术职业学院,重庆,www.cqms.edu.cn
重庆工商职业学院,重庆,www.cqtbi.edu.cn
重庆城市职业学院,重庆,www.cqcvc.com.cn
重庆房地产职业学院,重庆,www.cqbyxy.com
重庆青年职业技术学院,重庆,www.cqqzy.cn
重庆财经职业学院,重庆,www.cqcfe.com
重庆科创职业学院,重庆,www.cqie.cn
重庆建筑工程职业学院,重庆,www.cctc.cq.cn
重庆电讯职业学院,重庆,www.cqjjxy.com
重庆能源职业学院,重庆,www.cqny.net
重庆教育学院,重庆,www.cque.edu.cn
重庆交通职业学院,重庆,www.cqjky.com
重庆文化艺术职业学院,重庆,www.cqwyzy.com
重庆服装工程职业学院,重庆,www.cqfzgc.com
重庆人文科技学院,重庆,www.swuyc.edu.cn
重庆大学城市科技学院,重庆,www.cqucc.com.cn
四川外国语大学重庆南方翻译学院,重庆,www.tcsisu.com
重庆工商大学派斯学院,重庆,www.paisi.edu.cn
重庆邮电大学移通学院,重庆,www.cqyti.com
重庆工商大学融智学院,重庆,www.cqrz.edu.cn
重庆师范大学涉外商贸学院,重庆,www.swsm.cn
西南石油大学,四川,www.swpu.edu.cn
成都理工大学,四川,www.cdut.edu.cn
西南科技大学,四川,www.swust.edu.cn
成都信息工程大学,四川,www.cuit.edu.cn
四川理工学院,四川,www.suse.edu.cn
西华大学,四川,www.xhu.edu.cn
四川农业大学,四川,www.sicau.edu.cn
西昌学院,四川,www.xcc.sc.cn
四川医科大学,四川,www.lzmc.edu.cn
成都中医药大学,四川,www.cdutcm.edu.cn
川北医学院,四川,www.nsmc.edu.cn
成都医学院,四川,www.cmc.edu.cn
四川师范大学,四川,www.sicnu.edu.cn
西华师范大学,四川,www.cwnu.edu.cn
绵阳师范学院,四川,www.mnu.cn
内江师范学院,四川,www.njtc.edu.cn
宜宾学院,四川,www.yibinu.cn
四川文理学院,四川,www.sasu.edu.cn
阿坝师范学院,四川,www.abtc.sc.cn
乐山师范学院,四川,http://www.lstc.edu.cn/
成都体育学院,四川,www.cdsu.edu.cn
四川音乐学院,四川,www.sccm.cn
成都学院,四川,www.cdu.edu.cn
攀枝花学院,四川,www.pzhu.edu.cn
川北幼儿师范高等专科学校,四川,http://www.cbyzsc.com/
成都纺织高等专科学校,四川,www.cdtc.edu.cn
成都工业学院,四川,http://www.cdtu.edu.cn/
四川民族学院,四川,www.scun.edu.cn
四川幼儿师范高等专科学校,四川,www.scyesz.com
四川中医药高等专科学校,四川,www.scctcm.cn
四川旅游学院,四川,http://www.sctu.edu.cn/
四川警察学院,四川,www.scpolicec.com
成都航空职业技术学院,四川,www.cap.edu.cn
四川交通职业技术学院,四川,http://www.svtcc.edu.cn/
达州职业技术学院,四川,www.dzvtc.com
四川机电职业技术学院,四川,www.scemi.com
四川工程职业技术学院,四川,www.scetc.net
四川电力职业技术学院,四川,www.xy.sc.sgcc.com.cn/zsc/new/
绵阳职业技术学院,四川,www.myvtc.edu.cn
四川工商职业技术学院,四川,www.sctbc.net
四川建筑职业技术学院,四川,www.scatc.net
四川国际标榜职业学院,四川,pivotpoint.edu.cn
成都农业科技职业学院,四川,www.cdnkxy.com
宜宾职业技术学院,四川,www.ybzy.cn
成都艺术职业学院,四川,www.cdartpro.cn
四川托普信息技术职业学院,四川,www.scetop.com
四川职业技术学院,四川,www.scvtc.com
眉山职业技术学院,四川,www.msvtc.net
泸州职业技术学院,四川,www.lzy.edu.cn
乐山职业技术学院,四川,www.lszyxy.com
雅安职业技术学院,四川,www.yazjy.com
四川邮电职业技术学院,四川,www.sptpc.com
四川航天职业技术学院,四川,www.sacvt.com
四川化工职业技术学院,四川,www.sccc.edu.cn
四川水利职业技术学院,四川,www.swcvc.net.cn
南充职业技术学院,四川,www.nczy.com
成都职业技术学院,四川,www.cdvtc.com
内江职业技术学院,四川,www.njvtc.cn
成都东软学院,四川,www.ccniit.com
四川司法警官职业学院,四川,www.sjpopc.net
四川工业科技学院,四川,www.scjavc.cn
四川信息职业技术学院,四川,www.scitc.com.cn
广安职业技术学院,四川,www.gazy.edu.cn
四川商务职业学院,四川,www.scsw.net.cn
四川管理职业学院,四川,http://www.scmpi.cn/
四川财经职业学院,四川,www.scpcfe.cn
四川文化产业职业学院,四川,www.scvcci.cn
四川科技职业学院,四川,www.scstc.cn
四川艺术职业学院,四川,www.scapi.cn
四川文化传媒职业学院,四川,www.sccvc.net
四川华新现代职业学院,四川,www.schxmvc.com
四川城市职业学院,四川,http://202.115.202.27/
四川现代职业学院,四川,http://www.scmvc.cn/
四川长江职业学院,四川,http://www.sccvc.com/
民办四川天一学院,四川,www.tyxy.org
四川卫生康复职业学院,四川,www.sczghs.com
四川电影电视职业学院,四川,www.scftvc.com
四川汽车职业技术学院,四川,www.scavtc.com
贵州大学,贵州,http://www.gzu.edu.cn/
贵州医科大学,贵州,www.gmc.edu.cn
遵义医学院,贵州,http://www.zmc.edu.cn/
贵阳中医学院,贵州,http://www.gyctcm.edu.cn/
贵州师范大学,贵州,http://www.gznu.edu.cn/
遵义师范学院,贵州,http://www.zync.edu.cn/index.html
安顺学院,贵州,http://www.asu.edu.cn/
黔南民族师范学院,贵州,http://www.sgmtu.edu.cn/
贵州财经大学,贵州,http://www.gzife.edu.cn/portal
贵阳学院,贵州,http://www.gyu.cn/
六盘水师范学院,贵州,http://www.lpssy.edu.cn/
凯里学院,贵州,www.kluniv.cn
贵州工程应用技术学院,贵州,http://www.gues.edu.cn/
黔南民族医学高等专科学校,贵州,http://www.qnmc.cn/
铜仁学院,贵州,http://www.gztrc.edu.cn/
兴义民族师范学院,贵州,http://www.xynun.edu.cn/
贵州民族大学,贵州,http://www.gzmu.edu.cn/
贵州师范学院,贵州,http://www.gznc.edu.cn/
遵义医药高等专科学校,贵州,http://www.zunyiyizhuan.com/
贵州商学院,贵州,http://www.gycc.net/
贵州理工学院,贵州,http://www.git.edu.cn/
贵州航天职业技术学院,贵州,http://www.gzhtzy.com/web/web/web/index.asp?xt_bh=
贵州交通职业技术学院,贵州,http://www.gzjtzy.net/
贵州电子信息职业技术学院,贵州,http://www.gzeic.com/
贵州警官职业学院,贵州,http://www.gzjgxy.cn/
遵义职业技术学院,贵州,http://www.zyzy.gov.cn/index.html
安顺职业技术学院,贵州,http://www.asotc.cn/Index.html
黔东南民族职业技术学院,贵州,http://www.qdnpt.com/
黔南民族职业技术学院,贵州,http://www.qnzy.net/
贵州亚泰职业学院,贵州,http://gzytvc.gotoip4.com/
贵州轻工职业技术学院,贵州,http://www.gzqy.cn/
六盘水职业技术学院,贵州,http://www.lpszy.cn/
贵州电力职业技术学院,贵州,http://www.csgedu.com/
贵州工业职业技术学院,贵州,http://www.gzky.edu.cn/
贵阳护理职业学院,贵州,http://www.gynvc.edu.cn/
铜仁职业技术学院,贵州,http://www.trzy.cn/
毕节职业技术学院,贵州,http://www.gzbjzy.edu.cn/
贵阳职业技术学院,贵州,http://www.gyvtc.edu.cn/default.html
贵州盛华职业学院,贵州,http://www.forerunnercollege.com/Default.aspx
贵阳中医学院时珍学院,贵州,sz.gytcm.com
贵州大学明德学院,贵州,http://mdc.gzu.edu.cn/
贵州师范大学求是学院,贵州,http://www.gznuqsxy.cn/
贵州财经大学商务学院,贵州,http://portal.gzife.edu.cn/commerce/
遵义医学院医学与科技学院,贵州,http://mts.zmc.edu.cn/
贵州大学科技学院,贵州,210.40.3.61
贵州医科大学神奇民族医药学院,贵州,http://sqxy.gmc.edu.cn/
云南大学,云南,www.ynu.edu.cn
昆明理工大学,云南,www.kmust.edu.cn
云南农业大学,云南,www.ynau.edu.cn
西南林业大学,云南,www.swfc.edu.cn
昆明医科大学,云南,www.kmmc.cn
大理大学,云南,www.dali.edu.cn
云南中医学院,云南,www.ynutcm.edu.cn
云南师范大学,云南,www.ynnu.edu.cn
曲靖师范学院,云南,www.qjnc.edu.cn
昭通学院,云南,www.zttc.edu.cn
保山学院,云南,www.bsnc.cn
红河学院,云南,www.uoh.edu.cn/index.html
云南财经大学,云南,www.ynufe.edu.cn
云南艺术学院,云南,www.ynart.edu.cn
云南民族大学,云南,www.ynni.edu.cn
玉溪师范学院,云南,http://www.yxnu.net/
楚雄师范学院,云南,www.cxtc.edu.cn
云南警官学院,云南,www.ynpsc.edu.cn
昆明学院,云南,http://www.kmu.edu.cn
昆明冶金高等专科学校,云南,www.kmyz.edu.cn
文山学院,云南,www.wstc.net
丽江师范高等专科学校,云南,http://www.lj-edu.cn/
滇西科技师范学院,云南,www.lcnc.cn
德宏师范高等专科学校,云南,www.yndhec.net
楚雄医药高等专科学校,云南,www.cxmtc.net
昆明工业职业技术学院,云南,http://www.kmvtc.net/
曲靖医学高等专科学校,云南,www.qjyz.org
云南国土资源职业学院,云南,www.yngtxy.net
云南交通职业技术学院,云南,www.yncs.edu.cn
昆明艺术职业学院,云南,www.kmac.org.cn
云南科技信息职业学院,云南,www.ynkexin.cn
西双版纳职业技术学院,云南,www.xsbnzy.com
玉溪农业职业技术学院,云南,www.yxnzy.net
云南林业职业技术学院,云南,www.ynftc.cn
云南农业职业技术学院,云南,www.ynavc.com
云南司法警官职业学院,云南,www.yncpu.net
云南经济管理学院,云南,www.ynjgx.com
云南国防工业职业技术学院,云南,www.yngfgx.net
云南机电职业技术学院,云南,www.ynmec.com
云南热带作物职业学院,云南,www.ynry.cn
云南工商学院,云南,www.einsun.net
云南经贸外事职业学院,云南,www.ynjw.net
云南旅游职业学院,云南,www.ynslyxx.com
云南文化艺术职业学院,云南,www.ynarts.cn
昆明扬帆职业技术学院,云南,www.sailingedu.com
云南城市建设职业学院,云南,http://www.ynbm.com
云南大学滇池学院,云南,dcxy.ynu.edu.cn
云南大学旅游文化学院,云南,www.lywhxy.com
云南师范大学商学院,云南,www.ynnubs.com
云南师范大学文理学院,云南,www.ysdwl.cn
云南艺术学院文华学院,云南,whxy.ynart.edu.cn
昆明医科大学海源学院,云南,www.kyhyxy.com
昆明理工大学津桥学院,云南,http://www.oxbridge.edu.cn/2014/index.html
西藏大学,西藏,http://www.utibet.edu.cn/index.html
西藏民族大学,西藏,http://www.xzmy.edu.cn/
西藏藏医学院,西藏,http://www.ttmc.edu.cn/
拉萨师范高等专科学校,西藏,http://www.xzlssf.org/
成都中医药大学（定向）,四川,http://www.cdutcm.edu.cn/
西南科技大学（技能型本科）,四川,www.swust.edu.cn
四川理工学院（技能型本科）,四川,http://www.suse.edu.cn/
西华大学（技能型本科）,四川,http://www.xhu.edu.cn/
四川大学锦江学院,四川,www.scujj.com
四川大学锦城学院,四川,www.scujcc.com.cn
电子科技大学成都学院,四川,www.cduestc.cn
西南交通大学希望学院,四川,www.swjtuhc.cn
西南财经大学天府学院,四川,www.tf-swufe.net
西南科技大学城市学院,四川,www.ccswust.com.cn
成都理工大学工程技术学院,四川,www.cdutetc.cn
四川传媒学院,四川,www.cdysxy.com
成都信息工程大学银杏酒店管理学院,四川,www.yihms.com
成都文理学院,四川,www.scnucas.com
四川工商学院,四川,www.csdcdxy.com
四川电影电视学院,四川,http://www.scftvc.com/zyxy_web/index.asp
四川外国语大学成都学院,四川,www.cisisu.edu.cn
四川文化艺术学院,四川,http://www.cymy.edu.cn/
河南信息统计职业学院,河南,www.hnisvc.com
中国工程物理研究院职工工学院,四川,www.caepit.net
成都师范学院,四川,www.cdnu.edu.cn
南阳农业职业学院,河南,www.nyac.cn:8080/1-5.html
西安理工大学,陕西,www.xaut.edu.cn
西北大学,陕西,www.nwu.edu.cn
西安工业大学,陕西,www.xatu.cn
西安建筑科技大学,陕西,www.xauat.edu.cn
西安科技大学,陕西,www.xust.edu.cn
西安石油大学,陕西,www.xsyu.edu.cn
陕西科技大学,陕西,www.sust.edu.cn
西安工程大学,陕西,www.xpu.edu.cn
陕西中医药大学,陕西,www.sntcm.edu.cn
延安大学,陕西,www.yau.edu.cn
咸阳师范学院,陕西,www.xysfxy.cn
渭南师范学院,陕西,www.wnu.edu.cn
西安外国语大学,陕西,www.xisu.edu.cn
西北政法大学,陕西,www.nwupl.edu.cn
西安体育学院,陕西,www.xaipe.edu.cn
西安音乐学院,陕西,www.xacom.edu.cn
西安美术学院,陕西,www.xafa.edu.cn
榆林学院,陕西,www.yulinu.edu.cn
安康学院,陕西,www.aku.edu.cn
西安邮电大学,陕西,www.xupt.edu.cn
西安航空学院,陕西,www.xaau.edu.cn
陕西学前师范学院,陕西,www.snie.edu.cn
西安医学院,陕西,www.xiyi.edu.cn
商洛学院,陕西,www.slxy.cn
宝鸡文理学院,陕西,www.bjwlxy.cn
陕西理工学院,陕西,www.snut.edu.cn
西安财经学院,陕西,www.xaufe.edu.cn
陇南师范高等专科学校,甘肃,www.lntc.edu.cn/
西安电力高等专科学校,陕西,www.xaepi.edu.cn
陕西职业技术学院,陕西,www.spvec.com.cn
陕西邮电职业技术学院,陕西,www.sptc.sn.cn
杨凌职业技术学院,陕西,www.ylvtc.com
西安欧亚学院,陕西,www.eurasia.edu
西安翻译学院,陕西,www.xafy.edu.cn
西安外事学院,陕西,www.xaiu.edu.cn
西京学院,陕西,www.xijing.com.cn
陕西警官职业学院,陕西,www.sxjgxy.edu.cn
陕西国防工业职业技术学院,陕西,www.gfxy.com
陕西交通职业技术学院,陕西,www.scct.cn
陕西能源职业技术学院,陕西,www.sxny.cn
陕西工业职业技术学院,陕西,www.sxpi.edu.cn
西安航空职业技术学院,陕西,www.xihang.com.cn
西安高新科技职业学院,陕西,www.xhtu.com.cn
西安思源学院,陕西,www.xasyu.cn
陕西服装工程学院,陕西,www.sxfu.org
陕西国际商贸学院,陕西,www.csiic.com
陕西财经职业技术学院,陕西,www.scy.cn
宝鸡职业技术学院,陕西,www.bjvtc.com
陕西航空职业技术学院,陕西,www.sxhkxy.com
陕西铁路工程职业技术学院,陕西,www.sxri.net
西安城市建设职业学院,陕西,www.xacsjsedu.com
陕西旅游烹饪职业学院,陕西,www.sntcc.cn
西安汽车科技职业学院,陕西,www.atc168.com
安康职业技术学院,陕西,www.akvtc.com
汉中职业技术学院,陕西,www.hzvtc.cn
商洛职业技术学院,陕西,www.slzyjsxy.com
陕西青年职业学院,陕西,www.sxqzy.com
西安海棠职业学院,陕西,www.xahtxy.cn
西安医学高等专科学校,陕西,www.xagdyz.com
西安电子科技大学长安学院,陕西,www.xdca.com.cn
西安建筑科技大学华清学院,陕西,www.xauat-hqc.com
陕西科技大学镐京学院,陕西,www.kdhj-edu.net
西北大学现代学院,陕西,www.xdxd.cn
西安培华学院,陕西,www.peihua.cn
西安文理学院,陕西,www.xawl.org
西安交通大学城市学院,陕西,www.xjtucc.cn
西北工业大学明德学院,陕西,www.npumd.cn
延安大学西安创新学院,陕西,www.xacxxy.com
西安工业大学北方信息工程学院,陕西,www.bxait.cn
西安财经学院行知学院,陕西,www.xcxz.com.cn
西安职业技术学院,陕西,www.xzyedu.com.cn
西安铁路职业技术学院,陕西,www.xatzy.cn
渭南职业技术学院,陕西,www.wnzy.net
铜川职业技术学院,陕西,www.tczyxy.net
长安大学兴华学院,陕西,xhxy.chd.edu.cn
西安理工大学高科学院,陕西,www.xthtc.com
延安职业技术学院,陕西,www.yapt.cn
兰州理工大学,甘肃,www.lut.cn
兰州交通大学,甘肃,www.lzjtu.cn
甘肃农业大学,甘肃,www.gsau.edu.cn
甘肃中医药大学,甘肃,www.gszy.edu.cn
西北师范大学,甘肃,www.nwnu.edu.cn
兰州城市学院,甘肃,www.lzcu.edu.cn
陇东学院,甘肃,www.ldxy.edu.cn
天水师范学院,甘肃,www.tsnc.edu.cn
河西学院,甘肃,www.hxu.edu.cn
兰州财经大学,甘肃,www.lzcc.edu.cn
黄冈科技职业学院,湖北,www.hbhgkj.com
甘肃政法学院,甘肃,www.gsli.edu.cn
甘肃民族师范学院,甘肃,www.hzmtc.edu.com
兰州工业学院,甘肃,www.lzit.edu.cn
江西工程职业学院,江西,http://www.jxgcxy.com/
甘肃文理学院,甘肃,www.gsu.edu.cn
兰州石化职业技术学院,甘肃,www.lzpcc.com.cn
甘肃工业职业技术学院,甘肃,www.gipc.edu.cn
兰州资源环境职业技术学院,甘肃,www.lzre.edu.cn
甘肃林业职业技术学院,甘肃,www.gsfc.edu.cn
甘肃钢铁职业技术学院,甘肃,www.ggzy.edu.cn
兰州职业技术学院,甘肃,www.lvu.edu.cn
酒泉职业技术学院,甘肃,www.jqzy.com
兰州理工大学技术工程学院,甘肃,www.lutcte.cn
兰州商学院陇桥学院,甘肃,www.lzlqc.com
兰州商学院长青学院,甘肃,changqing.lzcc.edu.cn
兰州交通大学博文学院,甘肃,www.bowenedu.cn
西北师范大学知行学院,甘肃,zxxy.nwnu.edu.cn
青海大学,青海,http://www.qhu.edu.cn/
青海师范大学,青海,www.qhnu.edu.cn
青海民族大学,青海,www.qhmu.edu.cn
青海警官职业学院,青海,
青海畜牧兽医职业技术学院,青海,www.qhxmzy.com.cn
青海交通职业技术学院,青海,www.qh-jzy.com
青海建筑职业技术学院,青海,www.qhavtc.edu.cn
青海卫生职业技术学院,青海,www.qhwszy.edu.cn
青海大学昆仑学院,青海,klc.qhu.edu.cn
宁夏大学,宁夏,http://www.nxu.edu.cn/
陕西电子科技职业学院,陕西,www.sxetcedu.com
宁夏师范学院,宁夏,www.nxtu.cn
宁夏医科大学,宁夏,http://www.nxmu.edu.cn/
安阳职业技术学院,河南,www.ayzy.cn
周口科技职业学院,河南,www.zkvtc.edu.cn
开封文化艺术职业学院,河南,www.kfwyxy.edu.cn
鹤壁汽车工程职业学院,河南,www.hbqcxy.com
郑州商贸旅游职业学院,河南,www.zzvcct.com
河南推拿职业学院,河南,www.hnzjschool.com
洛阳职业技术学院,河南,www.lyvtc.net
宁夏理工学院,宁夏,http://www.nxist.com/
武昌职业学院,湖北,www.wczy.cn
宁夏建设职业技术学院,宁夏,http://www.nxjy.edu.cn/
宁夏司法警官职业学院,宁夏,http://www.nsjy.com.cn/
广东文理职业学院,广东,www.gdwlxy.cn
银川能源学院,宁夏,http://www.ycu.com.cn/index/index.html
广东信息工程职业学院,广东,www.xxgcxy.cn
广州珠江职业技术学院,广东,www.gzzjedu.cn
百色职业学院,广西,www.bszyxy.com
天门职业学院,湖北,www.tmzyxy.cn
湖南科技工业职业技术学院,湖南,http://www.hnkgzy.com/
湖南吉利汽车职业技术学院,湖南,http://www.hngeelyedu.cn/
湖南食品药品职业学院,湖南,http://www.hnyyxx.net/CL0001/
云南外事外语职业学院,云南,http://www.fafl.cn/
巴中职业技术学院,四川,http://www.bzzyjsxy.cn
四川希望汽车职业学院,四川,http://www.qicheedu.com/
四川电子机械职业技术学院,四川,http://www.scemvtc.com/zz/
四川文轩职业学院,四川,http://www.scwxzyxy.cn/
云南工程职业学院,云南,http://www.ynenc.cn/
贵州工商职业学院,贵州,http://www.gzgszy.com/
贵州职业技术学院,贵州,http://www.gzvti.com/index.aspx
辽宁铁道职业技术学院,辽宁,
宁夏大学新华学院,宁夏,http://xinhua.nxu.edu.cn/
中国矿业大学银川学院,宁夏,http://www.cumtyc.com.cn/
天津商务职业学院,天津,http://www.tifert.edu.cn/
新疆大学,新疆,www.xju.edu.cn
塔里木大学,新疆,www.taru.edu.cn
新疆农业大学,新疆,www.xjau.edu.cn
新疆师范大学,新疆,www.xjnu.edu.cn
喀什大学,新疆,www.kstc.edu.cn
伊犁师范学院,新疆,www.ylsy.edu.cn
和田师范专科学校,新疆,
新疆财经大学,新疆,www.xjufe.edu.cn
新疆工程学院,新疆,www.xgz.edu.cn
太原学院,山西,http://www.sxtyu.com/
乌鲁木齐职业大学,新疆,www.uvu.edu.cn
新疆医科大学,新疆,www.xjmu.edu.cn
天津师范大学津沽学院,天津,http://www.jinguxy.cn/
新疆农业职业技术学院,新疆,www.xjnzy.edu.cn
新疆机电职业技术学院,新疆,www.xjjd.com.cn
新疆轻工职业技术学院,新疆,www.xjqg.edu.cn
克拉玛依职业技术学院,新疆,www.kzjsxy.net
昌吉职业技术学院,新疆,www.cjpt.cn
新疆交通职业技术学院,新疆,www.xjjtedu.com
伊犁职业技术学院,新疆,www.ylzyjs.cn
新疆建设职业技术学院,新疆,www.xjjszy.net
新疆天山职业技术学院,新疆,www.xjtsxy.cn
新疆石河子职业技术学院,新疆,www.xjshzzy.com
阿克苏职业技术学院,新疆,www.akszy.com
巴音郭楞职业技术学院,新疆,www.xjbyxy.cn
新疆医科大学厚博学院,新疆,www1.xjmu.edu.cn/hbxy/index.asp
新疆大学科学技术学院,新疆,www.kj.xju.edu.cn
新疆财经大学商务学院,新疆,
新疆农业大学科学技术学院,新疆,www.xjstc.net
新疆职业大学,新疆,www.xjvu.edu.cn
新疆教育学院,新疆,www.xjei.cn
西安交通工程学院,陕西,www.xjgyedu.cn
西安科技大学高新学院,陕西,www.gxxyzs.com
苏州高博软件技术职业学院,江苏,www.gist.edu.cn
泉州工艺美术职业学院,福建,www.dhcc.cc
江西新能源科技职业学院,江西,http://www.tynxy.com/
辽宁装备制造职业技术学院,辽宁,www.ltcem.com
山东政法学院,山东,www.sdupsl.edu.cn
河南工程学院,河南,www.haue.edu.cn
鲁迅美术学院,辽宁,www.lumei.edu.cn
香港中文大学,香港,www.cuhk.hk
常州机电职业技术学院,江苏,www.czmec.cn
江海职业技术学院,江苏,www.jhu.cn
国防科学技术大学,湖南,http://www.nudt.edu.cn/
解放军信息工程大学,河南,zhaosheng.plaieu.edu.cn
解放军理工大学,江苏,www.ust.com.cn
解放军国际关系学院,江苏,
解放军外国语学院,河南,service.cgw.cn/lywy
解放军陆军军官学院,安徽,
漯河职业技术学院,河南,www.lhvtc.edu.cn
防化指挥工程学院,北京,
解放军电子工程学院,安徽,www.eei.edu.cn
陆军航空兵学院,北京,
解放军南京政治学院,江苏,
解放军艺术学院,北京,
哈尔滨应用职业技术学院,黑龙江,www.hyyzy.com
解放军后勤工程学院,重庆,www.hqgc.net
解放军军事经济学院,湖北,
解放军军事交通学院,天津,http://www.jjxy.cn/zszp/
天津公安警官职业学院,天津,http://tjjingyuan.cn/
第二军医大学,上海,www.smmu.edu.cn
第三军医大学,重庆,www.tmmu.edu.cn
解放军装备学院,北京,
解放军军械工程学院,河北,www.jxzs.net.cn
解放军装甲兵工程学院,北京,www.aafe.cn
海军工程大学,湖北,www.hgdfsy.com
海军航空工程学院,山东,
海军大连舰艇学院,辽宁,www.dljy.edu.cn
空军工程大学,陕西,www.afeu.cn
空军预警学院,湖北,
空军勤务学院,江苏,
白城职业技术学院,吉林,www.bcvit.cn
空军航空大学,吉林,
解放军第二炮兵工程大学,陕西,www.epgc.net
广东科技学院,广东,www.gdst.cc
钟山职业技术学院,江苏,www.zscollege.com
常州轻工职业技术学院,江苏,www.czili.edu.cn
石家庄外事职业学院,河北,www.wsxy.net
大连航运职业技术学院,辽宁,www.dlsc.net.cn
郴州职业技术学院,湖南,www.czzy-edu.com
湖南机电职业技术学院,湖南,www.hnjdzy.net
南昌职业学院,江西,www.jxdy.com
广西卫生职业技术学院,广西,www.gxwzy.com.cn
广西经济职业学院,广西,www.gxevc.com
顺德职业技术学院,广东,www.sdpt.com.cn
广西体育高等专科学校,广西,
北京电影学院现代创意媒体学院,山东,
武警后勤学院,天津,www.wjyxy.com
武警沈阳指挥学院,辽宁,
武警警官学院,四川,http://www.wjcd.net/
武警西安指挥学院,陕西,
武警福州指挥学院,福建,www.wjfz.cn
三明职业技术学院,福建,www.smvtc.com
武警长沙指挥学院,湖南,
武警昆明指挥学院,云南,
武警拉萨指挥学院,西藏,
武警西宁指挥学院,广西,
武警乌鲁木齐指挥学院,新疆,
武警特种指挥学院,北京,
武警警种指挥学院,北京,
辽宁职业学院,辽宁,www.lnvc.cn
铁岭卫生职业学院,辽宁,www.lntlhc.com
盘锦职业技术学院,辽宁,www.pjzy.net.cn
贵州民族大学人文科技学院,贵州,http://www.gzmyrw.cn/rw/welcome
辽宁卫生职业技术学院,辽宁,www.lzygzy-edu.com
武警工程大学,陕西,www.wjgcxy.com/
青岛滨海学院,山东,www.binhaicollege.com
大连医科大学中山学院,辽宁,http://www.dmuzs.edu.cn/
辽宁工程职业学院,辽宁,www.lngczyxy.com
沈阳城市建设学院,辽宁,www.sjcy.cn
哈尔滨华德学院,黑龙江,www.hrbhuade.net
河海大学文天学院,安徽,www.hhuwtian.edu.cn
佳木斯职业学院,黑龙江,www.jmsjs.com
黑龙江林业职业技术学院,黑龙江,www.hljlzy.com
哈尔滨科学技术职业学院,黑龙江,www.hrbkjzy.cn
大兴安岭职业学院,黑龙江,www.dxalu.com
辽宁现代服务职业技术学院,辽宁,www.lnxdfwxy.com
湖南电气职业技术学院,湖南,www.hnect.com
陕西工商职业学院,陕西,www.snbcedu.cn
咸阳职业技术学院,陕西,www.xianyangzhiyuan.cn
大连汽车职业技术学院,辽宁,www.dlqcxy.net
大连装备制造职业技术学院,辽宁,dl.xaiu.edu.cn
辽宁理工职业学院,辽宁,www.lndhdx.com
武夷山职业学院,福建,www.wyszyxy.com
泉州轻工职业学院,福建,www.qzqgxy.com
厦门安防科技职业学院,福建,www.xmafkj.com
江西工商职业技术学院,江西,www.jxgsxy.cn
潍坊工商职业学院,山东,www.wfgsxy.com
广西工程职业学院,广西,www.gxgcedu.com
湖南高尔夫旅游职业学院,湖南,www.2823333.com
沈阳航空职业技术学院,辽宁,www.syhzy.cn
辽宁冶金职业技术学院,辽宁,www.lnyj.net
北京交通职业技术学院,北京,www.jtxy.com.cn
黑龙江幼儿师范高等专科学校,黑龙江,www.hljys.cn
中国戏曲学院,北京,www.nacta.edu.cn
天津美术学院,天津,http://www.tjarts.edu.cn/
天津国土资源和房屋职业学院,天津,http://www.tjgfxy.com.cn/tjgfxy/
山东胜利职业学院,山东,www.sdslvc.com
浙江建设职业技术学院,浙江,www.zjjy.net
四川三河职业学院,四川,
云南三鑫职业技术学院,云南,www.ynsxzy.com
上海视觉艺术学院,上海,www.siva.edu.cn
上海健康职业技术学院,上海,www.shvtc.com
烟台汽车工程职业学院,山东,www.ytqcvc.cn
山东外贸职业学院,山东,www.sdwm.cn
莱芜职业技术学院,山东,www.lwvc.edu.cn
南京科技职业学院,江苏,www.njcc.edu.cn
江苏城市职业学院,江苏,www.jscvc.cn
南京工业大学浦江学院,江苏,pjxy.njtech.edu.cn
重庆电子工程职业学院,重庆,www.cqcet.com
普洱学院,云南,www.smtc.cn
苏州工业职业技术学院,江苏,www.siit.cn
南京交通职业技术学院,江苏,www.njci.cn
泰州职业技术学院,江苏,www.tzpc.edu.cn
昆山登云科技职业学院,江苏,www.dyc.edu.cn
辽宁城市建设职业技术学院,辽宁,www.lncjx.com
